Team_Alias,Player_Name,Minutes,PPG,APG,DefRBD,OffRBD,SPG,BPG,Paint_PPG,att_3PT_pg,made_3PT_pg,ATO,Position
MIN,Justin Jackson,1,0,0,0,0,0,0,0,0,0,0,F
MIN,Kyle Anderson,1782,6.4,4.2,2.7,0.76,0.9,0.59,4.28,0.61,0.14,3.64,F
MIN,T.J. Warren,125,3.7,0.8,1.55,0.45,0.36,0.09,1.82,1.18,0.18,2.25,F
MIN,Rudy Gobert,2593,14,1.3,9.17,3.75,0.68,2.13,10.61,0.04,0,0.86,C
MIN,Mike Conley,2193,11.4,5.9,2.38,0.49,1.16,0.22,2.63,5.33,2.36,4.4,G
MIN,Monte Morris,408,5.1,2.3,1.48,0.19,0.67,0.3,0.89,2.19,0.93,12.2,G
MIN,Troy Brown Jr.,410,4.2,0.9,1.57,0.38,0.22,0.05,0.86,2.27,0.84,1.94,F
MIN,Shake Milton,491,4.7,1.3,1.16,0.18,0.42,0.13,2.32,1.39,0.37,1.79,G
MIN,Leonard Miller,52,1.7,0.5,0.88,0.29,0.12,0.06,0.94,0.29,0.12,8,F
MIN,Daishen Nix,50,1.8,0.4,0.13,0.07,0.33,0,0.4,1.13,0.4,1.2,G
MIN,Naz Reid,1964,13.5,1.3,4.32,0.9,0.78,0.9,5.68,5.04,2.09,0.95,C
MIN,Luka Garza,122,4,0.2,0.48,0.76,0.16,0.04,2.08,1.28,0.36,0.67,F
MIN,Jaylen Clark,0,0,0,0,0,0,0,0,0,0,0,G
MIN,Jaden McDaniels,2105,10.5,1.4,2.33,0.78,0.88,0.58,5.36,3.54,1.19,1.16,F
MIN,Karl-Anthony Towns,2026,21.8,3,6.79,1.52,0.69,0.66,9.9,5.27,2.19,1.07,C-F
MIN,Jordan McLaughlin,626,3.5,2,0.96,0.32,0.63,0.13,0.89,1.59,0.75,5.79,G
MIN,Josh Minott,91,1.6,0.3,0.41,0.13,0.16,0.16,0.81,0.31,0.13,4,F
MIN,Anthony Edwards,2770,25.9,5.1,4.78,0.66,1.28,0.53,10.71,6.73,2.41,1.68,G
MIN,Nickeil Alexander-Walker,1921,8,2.5,1.61,0.43,0.78,0.51,2.22,4.09,1.6,2.68,G
MIN,Wendell Moore Jr.,75,0.7,0.2,0.48,0,0.2,0.04,0.64,0.24,0,1.5,G
CLE,Ty Jerome,15,2,1.5,0,0.5,0,0,1,0.5,0,3,G-F
CLE,Emoni Bates,133,2.7,0.7,0.87,0.07,0.07,0.13,0.27,2.2,0.67,1.25,F
CLE,Tristan Thompson,549,3.3,1,2.06,1.49,0.24,0.29,2.98,0.02,0,1.76,F
CLE,Zhaire Smith,0,0,0,0,0,0,0,0,0,0,0,G
CLE,Damian Jones,270,2.7,0.4,1.08,0.51,0.18,0.33,1.9,0.36,0.08,1.15,C
CLE,Marcus Morris Sr.,180,5.8,0.8,1.67,0.42,0.17,0.17,1,2.42,1,0.91,F
CLE,Sharife Cooper,0,0,0,0,0,0,0,0,0,0,0,G
CLE,Sam Merrill,1069,8,1.8,1.61,0.36,0.31,0.07,0.49,5.8,2.34,5.68,G
CLE,Craig Porter Jr.,649,5.6,2.3,1.73,0.41,0.41,0.29,3.1,0.67,0.24,2.62,G
CLE,Pete Nance,27,0.4,0,0.38,0,0.13,0,0,0.13,0.13,0,F
CLE,Ricky Rubio,0,0,0,0,0,0,0,0,0,0,0,G
CLE,Jarrett Allen,2442,16.5,2.7,7.38,3.16,0.69,1.05,12.81,0.08,0,1.74,C
CLE,Isaiah Mobley,72,2.3,0.6,0.7,0.3,0.2,0,1.4,1,0.3,3,F
CLE,Donovan Mitchell,1942,26.6,6.1,4.25,0.84,1.84,0.55,8.76,8.98,3.31,2.16,G
CLE,Darius Garland,1901,18,6.5,2.14,0.53,1.3,0.12,6.7,6.25,2.32,2.12,G
CLE,Dean Wade,1108,5.4,0.8,3.35,0.69,0.74,0.46,0.52,3.74,1.46,2.15,F-C
CLE,Caris LeVert,1958,14,5.1,3.54,0.57,1.12,0.5,6.18,4.88,1.59,2.96,G
CLE,Isaac Okoro,1887,9.4,1.9,2.01,0.97,0.83,0.49,4.29,3.12,1.22,2.44,F-G
CLE,Evan Mobley,1532,15.7,3.2,7.14,2.22,0.9,1.44,11.6,1.18,0.44,1.78,C
CLE,Max Strus,2239,12.2,4,3.89,0.94,0.91,0.41,3.66,6.84,2.4,2.53,G-F
CLE,Georges Niang,1831,9.4,1.2,3.12,0.27,0.37,0.22,2.85,4.83,1.82,1.36,F
LAL,LeBron James,2504,25.7,8.3,6.44,0.86,1.25,0.54,13.55,5.11,2.1,2.4,F
LAL,Jarred Vanderbilt,581,5.2,1.2,3.34,1.41,1.24,0.17,3.52,0.93,0.28,1.29,F
LAL,Gabe Vincent,218,3.1,1.9,0.45,0.36,0.82,0,1.45,2.55,0.27,4.2,G
LAL,Taurean Prince,2108,8.9,1.5,2.68,0.27,0.74,0.45,2.54,4.56,1.81,1.63,F
LAL,Jaxson Hayes,877,4.3,0.5,2.03,0.99,0.49,0.41,3.57,0.11,0,0.77,C-F
LAL,Rui Hachimura,1826,13.6,1.2,3.47,0.85,0.6,0.37,6.74,3.41,1.44,1.76,F
LAL,Harry Giles III,19,0.3,0,0.57,0,0.14,0,0.29,0.43,0,0,F-C
LAL,D'Moi Hodge,41,2,0.7,0,0,0.14,0.14,0.29,1.71,0.43,5,G
LAL,Maxwell Lewis,103,0.3,0.2,0.06,0.06,0.06,0.03,0.12,0.26,0.03,0.6,F
LAL,Spencer Dinwiddie,678,6.8,2.4,1.54,0.14,0.46,0.46,1.29,3.21,1.25,2.34,G
LAL,Dylan Windler,28,1.5,0.8,0.38,0,0,0,0,1,0.5,0,G-F
LAL,Cam Reddish,984,5.4,1,1.5,0.56,0.98,0.29,2.17,2.29,0.77,1.55,F-G
LAL,Skylar Mays,77,1.3,0.6,0.29,0.06,0.41,0.06,0.82,0.29,0.12,5,G
LAL,Christian Wood,872,6.9,1,4.3,0.78,0.32,0.66,3.32,2.28,0.7,0.98,F
LAL,Colin Castleton,59,1.5,0.2,0.38,0.38,0.13,0,1,0,0,1,C
LAL,Alex Fudge,14,1,0,0,0.5,0,0,0.5,0.5,0,0,F
LAL,Austin Reaves,2629,15.9,5.5,3.6,0.7,0.8,0.3,6.17,5.12,1.88,2.59,G
LAL,Jalen Hood-Schifino,109,1.6,0.4,0.52,0.1,0.14,0.1,0.38,0.71,0.1,0.89,G
LAL,D'Angelo Russell,2484,18,6.3,2.74,0.37,0.91,0.47,5.58,7.17,2.97,3.09,G
LAL,Max Christie,944,4.2,0.9,1.9,0.22,0.3,0.25,1.37,1.76,0.63,1.71,G
LAL,Anthony Davis,2700,24.7,3.5,9.5,3.14,1.2,2.34,15.71,1.41,0.38,1.67,F-C
CHA,Seth Curry,159,9,1.8,1.63,0.38,0.63,0.38,2.25,3.5,1.13,2.8,G
CHA,Ish Smith,741,3.2,3.4,1.51,0.26,0.4,0.09,1.95,0.19,0.09,3.09,G
CHA,Aleksej Pokuševski,345,7.4,1.7,3.56,0.83,0.78,0.67,3,2.44,0.89,1.88,F
CHA,Marques Bolden,118,4.1,0.4,2.44,1.11,0.33,0.78,3.78,0.11,0,1.33,C
CHA,Frank Ntilikina,43,1,0.8,1,0.2,0,0,0,1.6,0.2,4,G
CHA,Bryce McGowens,882,5.1,0.9,1.44,0.29,0.36,0.17,2.03,1.73,0.58,1.7,G
CHA,Grant Williams,888,13.9,3.2,3.76,1.38,0.69,0.41,6.28,4.34,1.62,1.66,F
CHA,Tre Mann,868,11.9,5.2,3.89,0.57,1.71,0.11,5.86,3.82,1.39,2.59,G
CHA,Amari Bailey,65,2.3,0.7,0.3,0.6,0.3,0,1.2,0.8,0.1,1.75,G
CHA,JT Thor,781,3.2,0.5,1.63,0.68,0.17,0.43,1.49,1.29,0.44,1.93,F
CHA,James Bouknight,81,3.6,0.4,0.57,0.07,0.07,0.07,0.71,2.14,0.93,3,G
CHA,P.J. Washington Jr.,1286,13.6,2.2,4.07,1.2,0.86,0.73,6.45,5.55,1.8,1.47,F
CHA,Vasilije Micić,815,10.8,6.2,1.7,0.43,0.73,0.13,4.67,3.63,1.07,2.66,G
CHA,Cody Martin,753,7.5,3.7,3.21,0.68,1.14,0.64,3.29,3.07,0.96,2.36,G-F
CHA,Brandon Miller,2383,17.3,2.4,3.45,0.81,0.89,0.57,5.46,6.66,2.49,1.33,F-G
CHA,Théo Maledon,200,4.2,2.2,1.46,0.31,0.54,0,2.15,2.31,0.38,1.87,G
CHA,Kyle Lowry,0,0,0,0,0,0,0,0,0,0,0,G
CHA,Nathan Mensah,307,1.3,0.4,1.44,1.16,0.24,0.56,0.88,0,0,0.64,C
CHA,Nick Richards,1759,9.7,0.8,5.48,2.57,0.39,1.1,7.58,0.01,0,0.74,C
CHA,Gordon Hayward,798,14.5,4.6,3.68,1,1.12,0.48,6.8,2.44,0.88,2.27,F
CHA,Mark Williams,508,12.7,1.2,5.68,4,0.84,1.05,10.32,0,0,1.29,C
CHA,Leaky Black,284,2.7,0.9,1.5,0.35,0.31,0.42,1.08,0.77,0.35,4,F
CHA,Miles Bridges,2581,21,3.3,6.29,1.03,0.94,0.48,10.23,6.52,2.28,1.67,F
CHA,Nick Smith Jr.,729,5.9,1.2,1.06,0.35,0.2,0.14,1.33,2.86,1.24,1.51,G
CHA,LaMelo Ball,711,23.9,8,3.82,1.32,1.82,0.18,9.91,8.95,3.18,2.12,G
CHA,Dāvis Bertāns,583,8.8,0.9,1.57,0.25,0.82,0.32,0.86,6.29,2.36,1.53,F
CHA,Terry Rozier,1065,23.2,6.6,3.33,0.57,1.07,0.4,8.87,7.73,2.77,3.05,G
LAC,Kai Jones,0,0,0,0,0,0,0,0,0,0,0,F-C
LAC,Ivica Zubac,1794,11.7,1.4,6.32,2.88,0.32,1.22,9.88,0,0,1.18,C
LAC,Robert Covington,69,3,2.3,2,0.67,2,0.67,0.67,2.67,0.67,0,F
LAC,Brandon Boston Jr.,345,5.2,0.4,1.03,0.59,0.34,0.25,2.44,1.63,0.44,0.54,G
LAC,KJ Martin,31,5,0.5,1,0.5,1,0.5,3,2.5,0.5,0.5,F
LAC,Marcus Morris Sr.,0,0,0,0,0,0,0,0,0,0,0,F
LAC,Xavier Moon,119,2.4,1.5,0.71,0.57,0.21,0.21,1.14,1.21,0.14,4.2,G
LAC,Russell Westbrook,1529,11.1,4.5,3.68,1.37,1.09,0.34,6.91,2.26,0.62,2.13,G
LAC,Moussa Diabate,64,2.6,0.4,0.82,1.36,0.45,0.09,1.82,0,0,2,F
LAC,Bones Hyland,540,6.9,2.5,1.35,0.14,0.7,0.11,2.54,3.65,1.19,2.11,G
LAC,Kobe Brown,394,2,0.6,0.95,0.45,0.27,0.14,1,1.09,0.32,2.78,F
LAC,Mason Plumlee,674,5.3,1.2,3.78,1.3,0.3,0.37,3.78,0.13,0,1.53,F-C
LAC,Jordan Miller,28,1.6,0,0.25,0.38,0,0,1,0.25,0.13,0,F
LAC,James Harden,2470,16.6,8.5,4.65,0.47,1.07,0.79,3.92,6.78,2.58,3.32,G
LAC,Terance Mann,1873,8.8,1.6,2.23,1.16,0.57,0.2,4.67,2.72,0.95,2.48,G-F
LAC,Nicolas Batum,54,2.7,1.7,2.33,0,1,1.33,0.67,2.33,0.67,5,G-F
LAC,Joshua Primo,10,1,0,0,0.5,0,0.5,1,0.5,0,0,G
LAC,Amir Coffey,1460,6.6,1.1,1.7,0.41,0.59,0.2,2.43,2.63,1,2.3,G-F
LAC,Kawhi Leonard,2330,23.7,3.6,4.88,1.24,1.63,0.87,10.5,4.94,2.06,2.05,F
LAC,P.J. Tucker,420,1.6,0.6,1.57,0.96,0.46,0.18,0.29,1.07,0.39,2.67,F
LAC,Paul George,2502,22.6,3.5,4.74,0.5,1.53,0.5,5.62,7.95,3.28,1.71,F
LAC,Daniel Theis,1007,6.3,1,2.69,1.44,0.36,0.86,4.27,1.19,0.44,1.45,F-C
LAC,Norman Powell,1990,13.9,1.1,2.36,0.21,0.57,0.29,4.53,5.05,2.2,1.24,G
BOS,Payton Pritchard,1825,9.6,3.4,2.38,0.85,0.48,0.07,2.66,4.66,1.79,4.61,G
BOS,Lamar Stevens,122,2.8,0.4,1,0.63,0.32,0.26,1.68,0.42,0.16,0.89,F
BOS,Oshae Brissett,630,3.7,0.8,1.8,1.11,0.35,0.15,1.89,1,0.27,2.2,F-G
BOS,Kristaps Porzingis,1690,20.1,2,5.47,1.7,0.74,1.95,8.63,5.14,1.93,1.29,F-C
BOS,Nathan Knight,0,0,0,0,0,0,0,0,0,0,0,F-C
BOS,Jordan Walsh,83,1.7,0.6,1.67,0.56,0.56,0.11,0.89,1,0.22,1.67,F
BOS,Jrue Holiday,2263,12.5,4.8,4.19,1.22,0.88,0.77,4.72,4.67,2,2.69,G
BOS,Dalano Banton,171,2.3,0.8,0.96,0.5,0.21,0.13,1.42,0.67,0.08,1.9,G
BOS,JD Davison,39,2,1.3,1,0.25,0.13,0.13,0.25,0.88,0.38,5,G
BOS,Neemias Queta,333,5.5,0.7,2.46,1.89,0.46,0.75,4.64,0,0,1.54,C
BOS,Drew Peterson,23,3.7,0.3,0.33,0,0.67,0,0.67,1.67,1,1,F
BOS,Svi Mykhailiuk,413,4,0.9,0.98,0.27,0.27,0.02,0.68,2.63,1.02,2.92,G-F
BOS,Jayson Tatum,2645,26.9,4.9,7.22,0.91,1.01,0.58,9.43,8.23,3.09,1.94,F-G
BOS,Derrick White,2381,15.2,5.2,3.55,0.7,1.01,1.19,4.74,6.78,2.68,3.37,G
BOS,Jaden Springer,130,2.1,0.5,0.71,0.47,0.65,0.24,1.18,0.65,0.12,1.13,G
BOS,Al Horford,1740,8.6,2.6,5.09,1.26,0.58,0.95,3.05,3.97,1.66,3.5,C-F
BOS,Sam Hauser,1741,9,1,2.92,0.57,0.51,0.32,1.06,5.89,2.49,2.56,F
BOS,Xavier Tillman Sr.,274,4,1,2,0.7,0.45,0.45,2.5,1.4,0.4,4,F-C
BOS,Luke Kornet,983,5.3,1.1,2.27,1.87,0.37,0.97,4.41,0.02,0.02,3.19,C-F
BOS,Jaylen Brown,2343,23,3.6,4.33,1.2,1.19,0.53,11.49,5.86,2.07,1.5,G-F
WAS,Patrick Baldwin Jr.,493,4.4,0.8,2.79,0.45,0.47,0.39,1.47,2.55,0.82,1.53,F
WAS,Jared Butler,566,6.3,3.2,1.23,0.23,0.73,0.2,3.45,1.95,0.6,2.52,G
WAS,Delon Wright,456,4.1,2.5,1.39,0.39,1.06,0.24,1.82,1.15,0.42,7.45,G
WAS,Bilal Coulibaly,1715,8.4,1.7,3.17,0.89,0.9,0.76,3.75,2.94,1.02,1.26,F-G
WAS,Jordan Poole,2346,17.4,4.4,2.31,0.41,1.1,0.32,6.23,7.23,2.36,1.82,G
WAS,Deni Avdija,2257,14.7,3.8,6.08,1.12,0.8,0.48,8.08,3.13,1.17,1.79,F
WAS,Corey Kispert,2067,13.4,2,2.44,0.38,0.51,0.2,4.75,6,2.3,1.59,F
WAS,RJ Hampton,0,0,0,0,0,0,0,0,0,0,0,G
WAS,Hamidou Diallo,5,1,0.5,0,1,1,0,1,0,0,1,G
WAS,Landry Shamet,726,7.1,1.2,1,0.35,0.54,0.22,2.04,3.41,1.15,1.8,G
WAS,Danilo Gallinari,385,7,1.2,2.46,0.46,0.23,0.12,1.77,2.46,0.77,2.58,F
WAS,Kyle Kuzma,2281,22.2,4.2,5.74,0.89,0.53,0.7,11.2,6.43,2.16,1.54,F
WAS,Johnny Davis,613,3,0.6,1.08,0.36,0.36,0.2,1.8,0.8,0.28,2.46,G
WAS,Daniel Gafford,1192,10.9,1.5,5.11,2.91,0.98,2.16,8.76,0,0,1.5,F-C
WAS,Justin Champagnie,235,5.9,1.3,2.27,1.27,0.67,0.6,2.53,3,0.87,1.9,G-F
WAS,Tristan Vukcevic,153,8.5,1.3,3,0.6,0.5,0.7,3.6,3.6,1,1.3,C
WAS,Anthony Gill,466,3.8,0.7,1.14,0.74,0.26,0.22,2.56,0.82,0.2,1.48,F
WAS,Mike Muscala,338,4,0.9,2.21,0.92,0.21,0.29,1.33,2.13,0.58,1.38,F-C
WAS,Eugene Omoruyi,393,4.8,0.8,1.16,0.81,0.63,0.12,3.07,1.07,0.3,1.67,F
WAS,John Butler Jr.,0,0,0,0,0,0,0,0,0,0,0,C
WAS,Jules Bernard,149,3.9,0.8,0.84,0.53,0.16,0.05,1.79,1.53,0.58,2,G
WAS,Isaiah Livers,0,0,0,0,0,0,0,0,0,0,0,F
WAS,Tyus Jones,1933,12,7.3,2.41,0.3,1.08,0.27,5.48,3.88,1.61,7.35,G
WAS,Trey Jemison,1,0,0,0.5,0,0,0,0,0,0,0,C
WAS,Marvin Bagley III,575,13.3,1.2,4.58,3.5,0.63,0.79,9.92,0.71,0.33,0.93,F-C
WAS,Ryan Rollins,66,4.1,1.1,0.9,0.2,0.8,0.3,2,0.3,0.2,1.57,G
WAS,Richaun Holmes,318,7.1,0.6,3.88,2.24,0.47,0.59,5.53,0.18,0.06,0.83,F
DAL,Greg Brown III,40,2.5,0.7,1,0.5,0,0.67,1.33,0.5,0.17,1,F
DAL,Seth Curry,457,4.3,0.8,1.03,0.42,0.47,0.08,0.67,2.22,0.81,1.88,G
DAL,Dante Exum,1088,7.8,2.9,2.25,0.45,0.4,0.09,3.75,1.96,0.96,3.2,G
DAL,Dereck Lively II,1294,8.8,1.1,4.42,2.45,0.65,1.4,8.04,0.04,0,1.2,C
DAL,Markieff Morris,216,2.5,0.6,1.35,0.15,0.19,0.12,0.38,1.62,0.58,1.33,F
DAL,Tim Hardaway Jr.,2120,14.4,1.8,2.94,0.28,0.53,0.08,2.78,7.56,2.67,2.01,G-F
DAL,Maxi Kleber,871,4.4,1.6,2.63,0.7,0.4,0.7,1.26,2.14,0.74,2.43,F
DAL,Daniel Gafford,623,11.2,1.6,4.72,2.21,0.72,1.93,10,0,0,1.64,F-C
DAL,Derrick Jones Jr.,1783,8.6,1,2.21,1.08,0.7,0.67,4.03,3.14,1.08,1.15,F
DAL,Grant Williams,1242,8.1,1.7,2.62,0.98,0.51,0.57,1.96,4.47,1.68,1.53,F
DAL,Olivier-Maxence Prosper,336,3,0.6,1.35,0.63,0.18,0.1,1.25,1.13,0.33,2.75,F
DAL,A.J. Lawson,311,3.2,0.5,0.86,0.33,0.24,0.07,1.86,1.19,0.31,1.43,G
DAL,P.J. Washington Jr.,935,11.7,1.5,5.07,1.1,1.17,0.93,4.97,5.83,1.83,1.47,F
DAL,Dexter Dennis,30,5.5,1,2,0.25,0,0.25,4,2,0.25,1.33,G
DAL,Dwight Powell,836,3.3,1.3,1.86,1.54,0.41,0.32,2.25,0.05,0.02,2.63,F-C
DAL,Jaden Hardy,989,7.3,1.5,1.52,0.27,0.3,0.05,2.49,3.07,1.11,1.76,G
DAL,Alex Fudge,26,5.5,0,0.5,1,1.5,0,4,1.5,0.5,0,F
DAL,Josh Green,1505,8.2,2.3,2.53,0.7,0.82,0.16,3.44,3.28,1.26,2.17,G
DAL,Brandon Williams,113,3.2,1,0.53,0.24,0.06,0.06,1.53,0.88,0.18,2.43,G
DAL,Luka Dončić,2624,33.9,9.8,8.4,0.84,1.41,0.54,11.06,10.63,4.06,2.43,F-G
DAL,Kyrie Irving,2030,25.6,5.2,4.24,0.76,1.28,0.48,9.52,7.26,2.98,2.82,G
DAL,Richaun Holmes,237,3.4,0.7,1.96,1.43,0.13,0.39,2.87,0,0,1.25,F
DEN,DeAndre Jordan,396,3.9,0.7,2.86,1.5,0.17,0.44,3.22,0,0,1.13,C
DEN,Justin Holiday,862,4,1.2,1.07,0.16,0.62,0.16,0.72,2.34,0.95,4.79,F-G
DEN,Jay Huff,49,1.2,0.1,0.45,0.1,0.1,0.15,0.6,0.45,0.15,2,C
DEN,Aaron Gordon,2297,13.9,3.5,4.07,2.38,0.77,0.62,9.51,1.89,0.55,2.47,F
DEN,Hunter Tyson,48,1.1,0.1,0.44,0.06,0.06,0,0.22,0.78,0.22,1,F
DEN,Julian Strawther,545,4.5,0.9,1.12,0.1,0.34,0.14,1.48,2.76,0.82,2.04,G
DEN,Michael Porter Jr.,2565,16.7,1.5,5.67,1.31,0.52,0.65,4.77,6.84,2.72,1.33,F
DEN,Jalen Pickett,122,1.6,0.8,0.48,0.04,0.15,0,0.22,0.93,0.33,2.33,G
DEN,Zeke Nnaji,576,3.2,0.6,1.12,1.05,0.26,0.66,2.17,0.4,0.1,1.19,F-C
DEN,Collin Gillespie,225,3.6,1.1,0.83,0.04,0.54,0,1,1.58,0.63,1.93,G
DEN,Jamal Murray,1861,21.2,6.5,3.39,0.71,0.97,0.66,7.08,5.78,2.46,3.07,G
DEN,Reggie Jackson,1817,10.2,3.8,1.49,0.4,0.54,0.16,4.34,3.46,1.24,2.91,G
DEN,Vlatko Cancar,0,0,0,0,0,0,0,0,0,0,0,F
DEN,Peyton Watson,1488,6.7,1.1,2.53,0.7,0.53,1.1,3.73,1.9,0.56,1.48,G
DEN,Braxton Key,60,1.1,0.5,0.75,0.15,0.1,0.05,0.4,0.25,0.1,9,F
DEN,Christian Braun,1655,7.3,1.6,2.77,0.96,0.51,0.43,3.68,2,0.77,2.4,G
DEN,Kentavious Caldwell-Pope,2402,10.1,2.4,2,0.41,1.29,0.55,2.47,4.05,1.64,2.44,G
DEN,Nikola Jokić,2737,26.4,9,9.53,2.82,1.37,0.86,16.81,2.92,1.05,2.99,C
ATL,Mouhamed Gueye,73,4,0.7,2,1.67,0.83,0.67,1.67,1.5,0.5,4,F
ATL,Bruno Fernando,682,6.3,1,2.98,1.31,0.56,0.62,4.84,0.09,0,1.05,F-C
ATL,Miles Norris,0,0,0,0,0,0,0,0,0,0,0,F
ATL,Seth Lundy,52,1.6,0,0.67,0.11,0,0,0,1.44,0.33,0,F
ATL,Onyeka Okongwu,1405,10.2,1.3,4.2,2.64,0.47,1.09,7.2,1.25,0.42,1.64,F-C
ATL,Wesley Matthews,413,3.1,0.6,1.22,0.25,0.44,0.31,0.5,1.92,0.67,2.88,G
ATL,Dejounte Murray,2783,22.5,6.4,4.54,0.79,1.42,0.31,8.79,7.1,2.58,2.5,G
ATL,Dylan Windler,73,4.7,0.5,1.5,0.5,0.33,0,0.67,2.83,1.33,1.5,G-F
ATL,Vit Krejci,541,6.1,2.3,1.86,0.5,0.59,0.27,1.91,3.09,1.27,2.5,G
ATL,Garrison Mathews,992,4.9,0.6,1.14,0.26,0.3,0.12,0.36,2.92,1.29,1.95,G
ATL,Patty Mills,202,2.7,0.7,0.79,0.26,0.47,0.05,0.32,1.79,0.68,1.75,G
ATL,Kobe Bufkin,196,4.8,1.6,1.59,0.35,0.41,0.29,1.65,2.35,0.53,2.7,G
ATL,De'Andre Hunter,1681,15.6,1.5,3.35,0.54,0.7,0.28,4.63,5.33,2.05,1.05,F-G
ATL,Bogdan Bogdanovic,2401,16.9,3.1,2.77,0.67,1.22,0.33,4.58,8.11,3.04,2.21,G
ATL,Clint Capela,1883,11.5,1.2,6.04,4.59,0.59,1.45,9.64,0.01,0,1.23,C
ATL,Trae Young,1942,25.7,10.8,2.33,0.43,1.33,0.2,7.52,8.69,3.24,2.48,G
ATL,Trent Forrest,414,2.2,2.4,1.05,0.29,0.29,0.08,1.58,0.26,0.05,4.6,G
ATL,Jalen Johnson,1889,16,3.6,7.39,1.32,1.2,0.84,9.68,3.57,1.27,2.01,F
ATL,Saddiq Bey,2062,13.7,1.5,3.87,2.65,0.81,0.17,5.33,5.68,1.79,1.7,G-F
ATL,AJ Griffin,171,2.4,0.3,0.8,0.1,0.05,0.1,0.6,1.95,0.5,0.63,F
MIL,Marques Bolden,3,0,0,1,0,0,0,0,0,0,0,C
MIL,Lindell Wigginton,8,2,0,0,0,0,0,1.33,0.67,0,0,G
MIL,Pat Connaughton,1676,5.6,2.1,2.47,0.67,0.53,0.25,1.79,3.13,1.08,3.29,G
MIL,TyTy Washington Jr.,56,1.3,0.5,0.36,0.09,0.27,0,0.55,0.55,0.18,2.5,G
MIL,Danilo Gallinari,155,2.8,0.7,0.71,0.35,0.35,0.06,0.94,1,0.18,1.2,F
MIL,Khris Middleton,1487,15.1,5.3,3.95,0.73,0.93,0.27,3.96,4.49,1.71,2.3,F
MIL,Damian Lillard,2579,24.3,7,3.89,0.49,0.99,0.25,6.77,8.52,3.01,2.63,G
MIL,AJ Green,614,4.5,0.5,0.98,0.16,0.16,0.07,0.21,3.02,1.23,2.5,G
MIL,Jaylin Galloway,0,0,0,0,0,0,0,0,0,0,0,F
MIL,Thanasis Antetokounmpo,155,0.9,0.5,0.18,0.21,0.21,0.12,0.94,0.03,0,1.21,F
MIL,Bobby Portis,2008,13.8,1.3,5.67,1.73,0.83,0.41,6.34,3,1.22,1.14,F
MIL,Giannis Antetokounmpo,2567,30.4,6.5,8.84,2.68,1.19,1.08,20.33,1.7,0.47,1.9,F
MIL,Andre Jackson Jr.,572,2.2,0.9,1.23,0.75,0.28,0.11,1.02,0.81,0.3,1.79,G
MIL,Patrick Beverley,543,6,2.6,2.88,0.73,0.73,0.5,2.15,2.77,1,4.25,G
MIL,Brook Lopez,2411,12.5,1.6,3.7,1.48,0.54,2.39,5.22,5.11,1.87,1.61,C
MIL,Chris Livingston,90,1.2,0.2,0.86,0.14,0.1,0,0.95,0.24,0.05,1,F
MIL,Malik Beasley,2337,11.3,1.4,3.15,0.52,0.75,0.11,1.9,6.86,2.84,2,G
MIL,Jae Crowder,1156,6.2,1.3,2.6,0.62,0.76,0.18,1.64,3.32,1.16,2.87,F
MIL,Robin Lopez,65,1.1,0.3,0.13,0.19,0.06,0.19,0.63,0.5,0.13,2,C
MIL,Ryan Rollins,12,1,1,0.67,0,0.67,0,0,0.33,0.33,3,G
MIL,MarJon Beauchamp,608,4.4,0.6,1.6,0.46,0.27,0.15,1.71,1.56,0.63,1.15,F
MIL,Cameron Payne,702,6.2,2.3,1.21,0.11,0.47,0.06,1.53,2.79,1.11,3.52,G
CHI,Lonzo Ball,0,0,0,0,0,0,0,0,0,0,0,G
CHI,Henri Drell,30,2.8,1,0.75,0.25,0.5,0.25,1,1.5,0.5,2,F
CHI,Andrew Funk,13,0,0,0,0,0.2,0.2,0,0.6,0,0,G
CHI,Javonte Green,230,12.2,0.6,5.22,2.22,1.11,0.89,7.78,3,1.11,0.71,G-F
CHI,Dalen Terry,681,3.1,1.4,1.42,0.49,0.46,0.31,1.73,1.25,0.29,2.53,F
CHI,Andre Drummond,1351,8.4,0.5,5.61,3.35,0.92,0.61,6.71,0.04,0,0.46,C
CHI,DeMar DeRozan,2989,24,5.3,3.76,0.54,1.14,0.57,8.58,2.85,0.95,3.12,G-F
CHI,Patrick Williams,1174,10,1.5,2.79,1.07,0.93,0.77,3.49,3.44,1.37,1.16,F
CHI,Nikola Vucevic,2610,18,3.3,7.78,2.76,0.66,0.79,10.32,4.12,1.21,2.12,C
CHI,Adama Sanogo,66,4,0,1.89,2.11,0.11,0,3.11,0,0,0,C
CHI,Jevon Carter,1004,5,1.3,0.68,0.15,0.51,0.22,0.75,3.25,1.07,2.61,G
CHI,Terry Taylor,188,1.5,0.3,0.65,0.55,0.16,0.06,1.16,0.29,0.06,1.43,F
CHI,Alex Caruso,2040,10.1,3.5,2.97,0.87,1.69,0.99,3.04,4.69,1.92,2.42,G
CHI,Julian Phillips,323,2.2,0.3,0.6,0.3,0.18,0.18,0.9,0.95,0.3,1.3,F
CHI,Coby White,2881,19.1,5.1,3.97,0.56,0.67,0.23,7.14,7.04,2.65,2.44,G
CHI,Justin Lewis,0,0,0,0,0,0,0,0,0,0,0,F
CHI,Onuralp Bitim,268,3.5,0.6,1.13,0.26,0.13,0.09,1.39,1.91,0.52,1.3,G-F
CHI,Torrey Craig,1049,5.7,1.1,2.79,1.3,0.57,0.4,1.7,2.89,1.13,1.81,F
CHI,Zach LaVine,872,19.5,3.9,4.84,0.32,0.84,0.32,6.48,6.76,2.36,1.88,G
CHI,Ayo Dosunmu,2212,12.2,3.2,2.13,0.71,0.89,0.47,5.66,3.88,1.57,2.35,G
MEM,Lamar Stevens,437,11.5,1.1,3.79,1.26,0.89,0.89,7.05,2,0.58,1.33,F
MEM,Jordan Goodwin,497,10,4.5,5.18,2.82,1.47,0.53,4.35,3.59,1.12,2.85,G
MEM,Vince Williams Jr.,1436,10,3.4,4.44,1.13,0.9,0.65,3.35,4.02,1.52,1.9,G-F
MEM,Timmy Allen,125,2.6,1,2.6,0.8,0.8,0,1.6,1.4,0,2.5,F
MEM,Ziaire Williams,1038,8.2,1.5,2.84,0.69,0.71,0.18,3.02,3.71,1.14,1.14,G-F
MEM,Matt Hurt,113,4,0.5,0.88,1.13,0.38,0.38,1,2.5,0.63,2,F
MEM,Santi Aldama,1618,10.7,2.3,4.59,1.18,0.7,0.89,4.33,4.98,1.74,2,F
MEM,GG Jackson II,1233,14.6,1.2,2.98,1.1,0.58,0.5,5.42,5.96,2.13,0.91,F
MEM,Wenyen Gabriel,81,3.4,0.6,3.6,1.4,0.4,0.4,2.8,1.2,0.2,0.38,F
MEM,DeJon Jarreau,150,4.8,2.9,4,0.89,0.67,0.22,2.89,1.44,0.44,2.89,G
MEM,David Roddy,1114,8.4,1.6,3.1,1.06,0.52,0.23,4.38,3.25,0.98,1.41,F
MEM,Jaren Jackson Jr.,2124,22.5,2.3,4.24,1.29,1.21,1.61,11.76,5.55,1.77,0.96,F-C
MEM,Derrick Rose,399,8,3.3,1.58,0.29,0.33,0.08,4,1.71,0.63,2.52,G
MEM,Desmond Bane,1443,23.7,5.5,3.55,0.86,1.02,0.52,8.62,8.57,3.26,2.05,G
MEM,Jacob Gilyard,654,4.7,3.5,0.95,0.22,0.73,0.14,0.22,3.24,1.38,4.52,G
MEM,Jack White,64,1.5,0.3,2,1,1,0.25,0,2.5,0.5,0.5,F
MEM,Tosan Evbuomwan,74,2.5,1.5,1.5,2,0,0.25,1,2,0.5,6,F
MEM,Jaylen Nowell,156,5.7,1.8,1.22,0.33,0.33,0,2,2.56,0.44,3.2,G
MEM,Shaquille Harrison,6,0.7,0,0.67,0,0,0.33,0.67,0,0,0,G
MEM,Kenneth Lofton Jr.,99,2.6,0.9,0.87,0.13,0.2,0.2,1.33,0.67,0.2,2.33,F
MEM,Zavier Simpson,161,6,3.6,2.29,0.57,1,0.43,2.57,2.43,0.71,2.5,G
MEM,Bismack Biyombo,718,5.2,1.7,4.47,1.9,0.33,1.13,4.47,0,0,1.34,C
MEM,John Konchar,1173,4.3,2,3.36,1.31,0.93,0.93,1.82,2.18,0.69,2.39,G-F
MEM,Ja Morant,318,25.1,8.1,4.89,0.67,0.78,0.56,13.78,5.67,1.56,2.7,G
MEM,Maozinha Pereira,122,6.9,0.3,3.71,1.57,0.86,0.57,3.71,1.86,0.71,0.4,F
MEM,Steven Adams,0,0,0,0,0,0,0,0,0,0,0,C
MEM,Luke Kennard,999,11,3.5,2.62,0.28,0.51,0.05,1.13,6.1,2.74,2.52,G-F
MEM,Victor Oladipo,0,0,0,0,0,0,0,0,0,0,0,G
MEM,Marcus Smart,605,14.5,4.3,2.35,0.3,2.05,0.25,5.1,6.7,2.1,1.39,G
MEM,Yuta Watanabe,82,2.6,1,1.8,0,0.6,0,1.6,2,0.2,1.67,G-F
MEM,Brandon Clarke,134,11.3,1.5,3.17,2.17,0.83,1,9.67,1,0.17,3,F
MEM,Jake LaRavia,806,10.8,1.7,2.2,1.46,0.83,0.34,3.49,4.46,1.51,1.29,F
MEM,Trey Jemison,572,7.4,1.2,3,2.78,0.52,1.22,6.35,0,0,0.82,C
MEM,Scotty Pippen Jr.,527,12.9,4.7,2.14,1.05,1.71,0.48,6.19,3.43,1.43,1.75,G
MEM,Xavier Tillman Sr.,700,6,1.7,2.97,1.65,1.24,1.03,4.35,1.56,0.35,1.97,F-C
MIA,Thomas Bryant,441,5.7,0.6,2.66,1.05,0.26,0.42,4.11,0.58,0.11,1.1,C-F
MIA,Jimmy Butler,2042,20.8,5,3.55,1.75,1.32,0.28,9.53,2.42,1,2.92,F
MIA,Bam Adebayo,2416,19.3,3.9,8.14,2.24,1.14,0.93,12.68,0.59,0.21,1.72,C-F
MIA,Duncan Robinson,1905,12.9,2.8,2.32,0.22,0.68,0.24,3.26,6.96,2.75,2.02,F
MIA,Delon Wright,286,5.4,2.6,1.5,0.43,1.36,0.21,2.14,2.14,0.79,12.33,G
MIA,RJ Hampton,76,1.3,1,0.5,0.25,0,0,0.75,1,0.13,2.67,G
MIA,Jaime Jaquez Jr.,2113,11.9,2.6,2.71,1.09,1.03,0.27,6.85,2.69,0.87,1.77,F-G
MIA,Caleb Martin,1756,10,2.2,3.23,1.16,0.73,0.45,4.22,3.63,1.27,1.86,F
MIA,Alondes Williams,16,0.7,0,0.14,0,0,0.14,0.57,0.57,0,0,G
MIA,Kevin Love,924,8.8,2.1,5.07,1.07,0.33,0.18,2.44,4.44,1.53,2.4,F-C
MIA,Tyler Herro,1407,20.8,4.5,4.83,0.45,0.71,0.07,6.71,7.93,3.14,2.02,G
MIA,Kyle Lowry,1037,8.2,4,2.81,0.68,1.05,0.41,1.84,4.35,1.68,2.77,G
MIA,Patty Mills,213,5.8,1.5,0.85,0.31,0.85,0,1.23,4.08,0.85,2.5,G
MIA,Haywood Highsmith,1366,6.1,1.1,2.2,0.98,0.8,0.45,2.18,2.91,1.15,2.06,F
MIA,Jamal Cain,259,3.7,0.4,0.85,0.58,0.38,0.19,1.38,1.19,0.42,1.25,F
MIA,Dru Smith,131,4.3,1.6,0.89,0.67,1,0.33,1.78,1.89,0.78,2.8,G
MIA,Cole Swider,87,2.3,0.3,0.33,0.06,0.06,0.06,0.44,1.67,0.56,0.63,F
MIA,Orlando Robinson,304,2.8,0.9,1.56,0.78,0.19,0.22,1.56,0.42,0.22,1.89,C
MIA,Terry Rozier,975,16.4,4.6,3.61,0.58,1,0.29,5.68,5.74,2.13,3.51,G
MIA,Nikola Jović,896,7.7,2,3.63,0.54,0.54,0.3,2.57,3.54,1.41,2.14,F
MIA,Josh Richardson,1103,9.9,2.4,2.4,0.42,0.56,0.33,3.3,4.42,1.53,2.92,G
NOP,Matt Ryan,390,5.4,0.6,1.21,0.21,0.21,0.04,0.36,3.25,1.46,0.95,F
NOP,Dereon Seabron,55,2.3,0.8,1,0.17,0.33,0.17,1,0.33,0.17,0,G
NOP,Jordan Hawkins,1160,7.8,1,1.78,0.43,0.28,0.1,1.16,4.45,1.63,1.75,G
NOP,Dyson Daniels,1358,5.8,2.7,2.85,1.02,1.39,0.41,3.05,2.21,0.69,2.78,G
NOP,Trey Murphy III,1690,14.8,2.2,4.18,0.74,0.89,0.49,3.54,7.81,2.96,3.65,G-F
NOP,Zion Williamson,2207,22.9,5,4.06,1.74,1.1,0.67,17.57,0.26,0.09,1.82,F
NOP,Herbert Jones,2321,11,2.6,2.61,0.97,1.38,0.82,4.42,3.59,1.5,2.14,G-F
NOP,Kira Lewis Jr.,144,2.9,1.2,0.67,0.27,0.33,0.07,1.73,1.33,0.13,2.25,G
NOP,Jeremiah Robinson-Earl,334,2.9,0.5,1.36,0.59,0.26,0.1,1.38,1,0.33,1.31,F
NOP,Malcolm Hill,0,0,0,0,0,0,0,0,0,0,0,F
NOP,Brandon Ingram,2103,20.8,5.7,4.39,0.67,0.78,0.63,7.66,3.78,1.34,2.23,F
NOP,Izaiah Brockington,3,4,0,1,1,0,0,4,1,0,0,G
NOP,Jose Alvarado,1028,7.1,2.1,1.84,0.45,1.05,0.27,2.14,3.7,1.39,2.93,G
NOP,Naji Marshall,1257,7.1,1.9,2.83,0.8,0.74,0.18,3.09,2.27,0.88,1.97,F
NOP,Kaiser Gates,7,0,0,1,0,0,0,0,2,0,0,F
NOP,Jalen Crutcher,3,0,0,0,0,0,0,0,0,0,0,G
NOP,Larry Nance Jr.,1216,5.7,1.9,3.49,1.54,1,0.31,3.48,1.07,0.44,2.31,F
NOP,CJ McCollum,2159,20,4.6,3.74,0.59,0.94,0.62,5.67,8.44,3.62,2.77,G
NOP,Jonas Valanciunas,1925,12.2,2.1,6.52,2.27,0.39,0.83,7.56,1.46,0.45,1.56,C
NOP,E.J. Liddell,23,0.5,0.1,0.63,0,0.25,0.25,0.25,0.63,0,0.5,F
NOP,Cody Zeller,320,1.8,0.9,1.49,1.12,0.21,0.12,1.16,0.07,0.02,2.44,C
UTA,Jordan Clarkson,1682,17.1,5,2.53,0.89,0.64,0.11,7.67,5.62,1.65,1.9,G
UTA,Micah Potter,186,3.3,0.4,2.06,0.63,0.25,0.38,1.25,1.31,0.56,1.2,C
UTA,Kevin Knox II,0,0,0,0,0,0,0,0,0,0,0,F
UTA,John Collins,1901,15.1,1.1,6.15,2.31,0.59,0.9,8.62,3.41,1.26,0.79,F-C
UTA,Keyonte George,2023,13,4.4,2.61,0.2,0.48,0.09,3.68,5.87,1.96,1.77,G
UTA,Kris Dunn,1249,5.4,3.8,2.11,0.76,1.03,0.42,3.15,1.68,0.62,3.22,G
UTA,Lauri Markkanen,1820,23.2,2,5.95,2.22,0.91,0.47,8.25,7.98,3.18,1.43,F-C
UTA,Johnny Juzang,372,7.2,1.2,1.45,0.35,0.2,0.1,1.8,3.85,1.6,1.77,G
UTA,Darius Bazley,142,8,0.8,3.17,1.33,1,1.17,5.33,1.33,0.33,0.71,F
UTA,Omer Yurtseven,545,4.6,0.6,2.83,1.5,0.17,0.38,3.79,0.5,0.1,0.78,C
UTA,Kira Lewis Jr.,119,3.8,1.6,0.58,0.42,0.33,0.08,2.5,1.08,0.17,3.17,G
UTA,Luka Samanic,404,4.1,0.4,1.86,0.51,0.12,0.16,2.14,1.49,0.3,0.68,F
UTA,Otto Porter Jr.,0,0,0,0,0,0,0,0,0,0,0,F
UTA,Kenneth Lofton Jr.,91,13.8,4.8,2.5,2.5,0.75,0.5,6.5,3,1,3.17,F
UTA,Walker Kessler,1493,8.1,0.9,4.94,2.58,0.47,2.41,7.03,0.3,0.06,0.91,C
UTA,Collin Sexton,2075,18.7,4.9,1.72,0.91,0.79,0.23,8.77,4.17,1.64,2.32,G
UTA,Josh Christopher,0,0,0,0,0,0,0,0,0,0,0,G
UTA,Kelly Olynyk,1019,8.1,4.4,3.82,1.26,0.74,0.24,4.04,1.68,0.72,2.7,F-C
UTA,Ochai Agbaji,1003,5.4,0.9,1.78,0.69,0.53,0.57,2.2,2.78,0.92,1.38,G
UTA,Talen Horton-Tucker,1009,10.1,3.5,1.96,0.41,0.88,0.37,4.59,3.57,1.18,2.72,G
UTA,Jason Preston,71,1.7,2.3,1.57,0.86,0.29,0.14,1.43,0.43,0,8,G
UTA,Brice Sensabaugh,584,7.5,1.7,2.69,0.5,0.41,0.19,2.44,3.59,1.06,1.17,F
UTA,Taylor Hendricks,856,7.3,0.8,3.48,1.15,0.7,0.75,2.6,3.5,1.33,1.19,F
UTA,Simone Fontecchio,1160,8.9,1.5,2.48,1.04,0.6,0.36,2.68,4.66,1.82,1.43,F
IND,Andrew Nembhard,1697,9.2,4.1,1.54,0.53,0.93,0.09,4.38,2.51,0.9,2.77,G-F
IND,Isaiah Jackson,771,6.4,0.8,2.4,1.57,0.57,1.02,5,0.07,0,1.28,F
IND,James Johnson,47,0.9,0.9,0.33,0.11,0.56,0.11,0.44,0.22,0,1.6,F
IND,Tyrese Haliburton,2224,20.1,10.9,3.42,0.51,1.2,0.7,6.49,7.75,2.83,4.73,G
IND,Kendall Brown,63,1.4,0.3,0.13,0.2,0,0,1.07,0.13,0,2.5,G
IND,Myles Turner,2076,17.1,1.3,5.45,1.47,0.51,1.87,7.95,4.21,1.51,0.92,C-F
IND,Ben Sheppard,814,4.4,0.9,1.3,0.26,0.58,0.04,1.3,2.74,0.86,3.53,G
IND,Pascal Siakam,1303,21.3,3.7,5.71,2.07,0.76,0.37,13.41,2.46,0.95,2.62,F
IND,Bennedict Mathurin,1538,14.5,2,2.95,1.02,0.59,0.24,6.14,3.63,1.36,1.23,G-F
IND,Cory Joseph,0,0,0,0,0,0,0,0,0,0,0,G
IND,Doug McDermott,204,4.2,0.7,0.5,0.11,0.28,0,0.78,3.11,1,3.25,F
IND,Jalen Smith,1047,9.9,1,3.69,1.84,0.28,0.62,5.38,2.36,1,1.43,F-C
IND,Jarace Walker,340,3.6,1.2,1.55,0.36,0.45,0.33,0.97,1.67,0.67,2.35,F
IND,Buddy Hield,1336,12,2.7,2.56,0.65,0.83,0.6,3.19,6.87,2.63,2.24,G
IND,Oscar Tshiebwe,42,3.3,0.3,1,1,0.25,0.13,2.25,0,0,0,F
IND,Quenton Jackson,11,0.7,0.7,1.33,0,0.33,0,0,0,0,0,G
IND,Aaron Nesmith,1995,12.2,1.5,2.94,0.88,0.9,0.68,4.42,4.64,1.94,1.69,G-F
IND,Jordan Nwora,183,5.2,1,1.39,0.44,0.33,0.06,2.56,2,0.61,1.5,F
IND,Daniel Theis,8,2,0,0,0,0,0,2,1,0,0,F-C
IND,T.J. McConnell,1291,10.2,5.5,2.18,0.51,1.01,0.11,7.07,0.62,0.25,3.61,G
IND,Obi Toppin,1730,10.3,1.6,2.87,1.04,0.57,0.52,5.51,3.09,1.24,1.86,F
IND,Isaiah Wong,4,2,0,0,0,0,0,0,1,0,0,G
IND,Bruce Brown,981,12.1,3,3.91,0.76,1.06,0.24,6.18,3.06,1,2.44,G-F
TOR,Justise Winslow,0,0,0,0,0,0,0,0,0,0,0,F-G
TOR,Jontay Porter,360,4.4,2.3,2.15,1,0.77,0.77,1.46,2.31,0.77,2.86,C-F
TOR,Markquis Nowell,4,2,2,0,2,1,0,0,0,0,0,G
TOR,Malik Williams,107,2.7,0.3,3.29,2.14,0.43,0.57,2.29,0.71,0.14,0.67,C
TOR,Scottie Barnes,2094,19.9,6.1,5.88,2.35,1.25,1.47,10.13,4.93,1.68,2.2,G-F
TOR,Ron Harper Jr.,4,0,1,0,0,0,0,0,0,0,0,G-F
TOR,Malachi Flynn,474,5.1,2.4,1.68,0.42,0.58,0.19,1.55,2.58,0.9,2.21,G
TOR,Jalen McDaniels,538,3.4,0.7,1.22,0.36,0.38,0.12,2.08,1.42,0.24,1.23,F
TOR,Thaddeus Young,350,5,2.2,2,1.26,0.78,0.13,4.43,0.26,0.04,4.55,F
TOR,Precious Achiuwa,437,7.7,1.8,3.44,2,0.64,0.48,4.96,1.88,0.52,1.52,F
TOR,Pascal Siakam,1354,22.2,4.9,4.92,1.38,0.82,0.26,12.77,3.72,1.18,2.29,F
TOR,RJ Barrett,1072,21.8,4.1,5.31,1.06,0.59,0.41,13.94,3.75,1.47,1.65,F-G
TOR,D.J. Carton,36,2.8,0.8,0.5,0.5,0.25,0,1,1,0.25,3,G
TOR,Gradey Dick,1268,8.5,1.1,1.75,0.45,0.57,0.03,2.57,4.02,1.47,1.36,G-F
TOR,Gary Trent Jr.,1994,13.7,1.7,2.3,0.35,1.08,0.14,3.52,6.38,2.51,2.53,G
TOR,Javon Freeman-Liberty,403,7,1.8,2.45,0.73,0.45,0.18,3.91,1.91,0.45,1.6,G
TOR,Kira Lewis Jr.,2,0,0,0,0,0,0,0,0,0,0,G
TOR,Otto Porter Jr.,174,2.6,0.5,1.53,0.4,0.33,0.33,0.53,1.53,0.53,4,F
TOR,Kelly Olynyk,740,12.7,4.6,4,1.61,1.32,0.64,6.93,2.54,0.86,1.8,F-C
TOR,OG Anunoby,900,15.1,2.7,3.04,0.89,1.04,0.48,6,6.04,2.26,1.67,G-F
TOR,Mouhamadou Gueye,120,2.4,0.5,1,1.09,0.27,1.64,2,0.27,0,0.42,F
TOR,Dennis Schroder,1559,13.7,6.1,2.31,0.43,0.9,0.16,4.39,4.31,1.51,3.77,G
TOR,Ochai Agbaji,638,6.7,1.3,1.89,1.44,0.74,0.56,4,2.56,0.56,1.2,G
TOR,Kobi Simmons,67,5,3,1.5,0.25,1.5,0.5,3,2,0.5,12,G
TOR,Jordan Nwora,529,7.9,1.3,2.82,0.59,0.59,0.35,3.65,2.79,0.97,1.07,F
TOR,Immanuel Quickley,1265,18.6,6.8,4.47,0.32,0.89,0.18,5.58,7.13,2.82,3.67,G
TOR,Jahmi'us Ramsey,121,6.7,1.1,2.57,0.57,1,0,2.86,3.14,0.86,1.14,G
TOR,Jakob Poeltl,1319,11.1,2.5,5.66,2.92,0.7,1.52,9.6,0,0,1.65,C
TOR,Christian Koloko,0,0,0,0,0,0,0,0,0,0,0,C
TOR,Garrett Temple,289,3.3,1,1,0.67,0.44,0.11,1.26,1.48,0.44,2,G-F
TOR,Chris Boucher,705,6.4,0.5,2.9,1.24,0.28,0.48,3.08,1.88,0.62,0.82,F
TOR,Bruce Brown,885,9.6,2.7,3,0.82,0.71,0.26,5.76,1.85,0.59,2.04,G-F
ORL,Anthony Black,1164,4.6,1.3,1.54,0.48,0.51,0.3,2.03,1.36,0.54,1.63,G
ORL,Goga Bitadze,957,5,1.3,2.85,1.76,0.52,1.16,4,0.23,0.03,1.8,C-F
ORL,Markelle Fultz,910,7.8,2.8,1.91,1.3,0.98,0.35,6.05,0.42,0.09,2.4,G
ORL,Paolo Banchero,2799,22.6,5.4,5.9,1.03,0.89,0.59,9.68,4.39,1.49,1.74,F
ORL,Franz Wagner,2337,19.7,3.7,4.29,1,1.06,0.39,11.61,4.64,1.31,1.96,F
ORL,Joe Ingles,1169,4.4,3,1.82,0.26,0.63,0.07,0.82,2.37,1.03,3.03,F-G
ORL,Gary Harris,1297,6.9,1.6,1.24,0.44,0.91,0.26,1.78,3.8,1.41,2.81,G
ORL,Jalen Suggs,2025,12.6,2.7,2.41,0.64,1.41,0.63,4.24,5.13,2.04,1.55,G
ORL,Wendell Carter Jr.,1406,11,1.7,4.89,2.04,0.64,0.51,5.49,3.11,1.16,1.4,C-F
ORL,Jonathan Isaac,914,6.8,0.5,3.22,1.26,0.74,1.21,3.17,1.93,0.72,1.11,F
ORL,Trevelin Queen,165,2.9,1.3,1.21,0.21,0.5,0.36,1.43,1.21,0.21,2.57,G
ORL,Caleb Houstan,815,4.3,0.5,0.95,0.47,0.25,0.07,0.24,3.27,1.22,1.81,G
ORL,Kevon Harris,6,2,0.5,1,0,0,0,1,0,0,1,G
ORL,Jett Howard,67,1.6,0.3,0.33,0.06,0.11,0.11,0.33,1.39,0.39,2,F
ORL,Cole Anthony,1817,11.6,2.9,3.05,0.79,0.79,0.46,4.54,3.4,1.15,1.87,G
ORL,Admiral Schofield,84,1.1,0.3,0.61,0.13,0.04,0,0.26,0.7,0.26,1.4,F
ORL,Moritz Wagner,1415,10.9,1.2,2.88,1.46,0.49,0.26,7.3,1.44,0.48,0.99,F-C
ORL,Chuma Okeke,432,2.3,0.4,1.32,0.38,0.19,0.15,0.68,1.74,0.49,1.25,F
SAS,Blake Wesley,876,4.4,2.7,1.25,0.3,0.48,0.15,2.89,0.9,0.2,3.02,G
SAS,Jamaree Bouyea,38,3.7,1,2.67,0.33,0.33,0,2.67,0.33,0.33,3,G
SAS,Keldon Johnson,2038,15.7,2.8,4.09,1.38,0.74,0.29,7.13,5.32,1.84,1.95,G-F
SAS,Tre Jones,2138,10,6.2,3,0.75,1.01,0.12,5.87,2.48,0.83,4.12,G
SAS,David Duke Jr.,51,6.5,1.3,2,0.5,0.5,0,3,1.5,0.75,1.67,G
SAS,Dominick Barlow,420,4.4,1.1,2.06,1.36,0.36,0.42,2.67,0.27,0.09,4,F
SAS,Marcus Morris Sr.,0,0,0,0,0,0,0,0,0,0,0,F
SAS,Jeremy Sochan,2193,11.6,3.4,4.58,1.85,0.84,0.54,6.92,3.07,0.95,1.78,F
SAS,Devonte' Graham,313,5,2.1,1.35,0.22,0.39,0.09,0.87,3.61,1.09,2.88,G
SAS,Doug McDermott,700,6,1.2,0.87,0.17,0.24,0.04,0.65,3.76,1.65,2.38,F
SAS,RaiQuan Gray,39,7.7,2,1.67,0.67,0.33,0.33,4.67,2.33,1,6,F
SAS,Sidy Cissoko,141,3.8,0.8,1.17,0.67,0.58,0.25,2.5,1,0.08,3.33,F
SAS,Victor Wembanyama,2106,21.4,3.9,8.37,2.27,1.24,3.58,10.11,5.55,1.8,1.05,F-C
SAS,Sir'Jabari Rice,0,0,0,0,0,0,0,0,0,0,0,G
SAS,Zach Collins,1526,11.2,2.8,3.65,1.71,0.49,0.75,6.41,2.62,0.84,1.47,F-C
SAS,Charles Bediako,0,0,0,0,0,0,0,0,0,0,0,C
SAS,Mamadi Diakite,16,4,0.7,0.67,0.33,0,0.33,2.67,0,0,0,F
SAS,Sandro Mamukelashvili,451,4.1,1.1,2.22,0.98,0.15,0.26,2.17,1.39,0.41,2.58,F
SAS,Cedi Osman,1269,6.8,1.7,2.15,0.35,0.5,0.15,2.56,3.07,1.19,2.53,F
SAS,Charles Bassey,205,3.3,1.1,2.79,1.21,0.42,0.89,3.05,0.05,0,1.4,C
SAS,Malaki Branham,1594,9.2,2.1,1.6,0.37,0.36,0.11,3.95,3.57,1.24,1.71,G
SAS,Julian Champagnie,1468,6.8,1.4,2.22,0.57,0.65,0.57,1.65,3.74,1.36,1.81,F
SAS,Devin Vassell,2248,19.5,4.1,3.44,0.4,1.07,0.34,6.65,6.56,2.44,2.56,G
SAC,Filip Petrusev,7,1.5,0,0,0,0,0,1,0,0,0,C
SAC,Chris Duarte,719,3.9,0.7,1.36,0.44,0.47,0.14,1.08,2.15,0.75,1.69,G
SAC,Domantas Sabonis,2928,19.4,8.2,10.07,3.59,0.9,0.59,13.85,1.06,0.4,2.47,C
SAC,Jordan Ford,22,2,0.3,0.33,0,0,0,0.33,0.5,0.33,2,G
SAC,Alex Len,444,2.5,1,1.71,0.96,0.23,0.69,2,0.06,0,1.85,C
SAC,Malik Monk,1872,15.4,5.1,2.56,0.39,0.63,0.54,5.58,5.88,2.06,2.47,G
SAC,JaVale McGee,339,4,0.4,1.83,0.91,0.3,0.43,3.35,0.15,0.02,0.5,C
SAC,Davion Mitchell,1101,5.3,1.9,1.06,0.26,0.24,0.04,2,2.19,0.79,3.12,G
SAC,Trey Lyles,1158,7.2,1.2,3.38,1.05,0.29,0.33,1.97,3.78,1.45,1.89,F
SAC,Keon Ellis,978,5.4,1.5,1.61,0.56,0.89,0.51,1.05,2.95,1.23,2.3,G
SAC,Mason Jones,28,1.4,1,0.8,0.2,0.2,0,0,1.4,0.4,2.5,G
SAC,Sasha Vezenkov,511,5.4,0.5,1.57,0.71,0.48,0.17,1.81,2.86,1.07,1.58,F
SAC,Keegan Murray,2588,15.2,1.7,4.08,1.38,1.03,0.77,5.35,6.64,2.38,2.02,F
SAC,Kevin Huerter,1562,10.2,2.6,2.91,0.59,0.7,0.36,3.56,5.33,1.92,3.13,G-F
SAC,Colby Jones,192,2.1,0.7,0.77,0.57,0.23,0.17,1.53,0.73,0.07,2,G-F
SAC,Kessler Edwards,275,1.7,0.3,0.61,0.17,0.19,0.07,0.44,0.96,0.37,3.75,F
SAC,Harrison Barnes,2381,12.2,1.2,2.22,0.82,0.66,0.15,4.24,4.7,1.82,1.71,F
SAC,De'Aaron Fox,2659,26.6,5.6,3.69,0.91,2.03,0.42,11.43,7.84,2.89,2.15,G
SAC,Juan Toscano-Anderson,53,0.6,0.4,0.91,0.36,0.09,0.09,0.36,0.36,0.09,2,F
SAC,Jalen Slawson,37,0.7,0.2,0.5,0.08,0.08,0.08,0.67,0.17,0,1,F
PHX,Jordan Goodwin,558,5,2,1.93,1,0.58,0.23,2.2,2,0.58,2.69,G
PHX,Damion Lee,0,0,0,0,0,0,0,0,0,0,0,G-F
PHX,Drew Eubanks,1169,5.1,0.8,2.92,1.37,0.36,0.81,3.95,0.04,0.04,1.03,F-C
PHX,Josh Okogie,960,4.6,1.1,1.33,1.23,0.8,0.4,1.87,1.57,0.48,1.78,G
PHX,Saben Lee,185,3,1.3,0.92,0.38,0.29,0.13,1.5,0.67,0.08,3.75,G
PHX,Thaddeus Young,89,2.3,0.7,1.1,1.7,0.5,0.2,2.2,0.1,0,1.75,F
PHX,Devin Booker,2447,27.1,6.9,3.71,0.82,0.9,0.41,9,6.15,2.24,2.65,G
PHX,Royce O'Neale,752,8.1,2.7,4.47,0.73,0.9,0.5,1.8,5.23,1.97,3.73,F
PHX,David Roddy,63,1.3,0.2,0.53,0.12,0.12,0,1.06,0.47,0.06,1.33,F
PHX,Kevin Durant,2791,27.1,5,6.05,0.55,0.92,1.21,8.85,5.43,2.24,1.55,F
PHX,Udoka Azubuike,113,2.2,0.2,1.31,0.69,0.06,0.38,2,0,0,0.75,C-F
PHX,Bol Bol,469,5.2,0.4,2.44,0.74,0.23,0.58,2.79,1.21,0.51,0.89,C-F
PHX,Chimezie Metu,448,5,0.5,2.32,0.65,0.51,0.24,2.59,1.38,0.41,0.7,F-C
PHX,Nassir Little,458,3.4,0.5,1.36,0.31,0.22,0.22,1.42,1.56,0.47,1.5,F-G
PHX,Ish Wainright,16,0.8,0.3,0.5,0.75,0.5,0,0,1,0.25,1,F
PHX,Theo Maledon,13,1.3,0,0.25,0,0,0,0.5,0,0,0,G
PHX,Jusuf Nurkic,2078,10.9,4,8.07,2.95,1.07,1.05,7.71,1.18,0.29,1.72,C
PHX,Keita Bates-Diop,597,4.5,0.9,1.82,0.77,0.56,0.51,2.21,1.64,0.51,2.62,F
PHX,Isaiah Thomas,19,1.3,0.5,0,0,0,0,0.33,0.67,0.33,0,G
PHX,Yuta Watanabe,382,3.6,0.3,1.17,0.38,0.31,0.24,0.69,2.59,0.83,0.63,G-F
PHX,Eric Gordon,1893,11,2,1.56,0.24,0.97,0.44,3.56,5.84,2.21,1.9,G
PHX,Bradley Beal,1767,18.2,5,3.36,1.02,0.98,0.51,8.08,4.43,1.91,2.02,G
PHX,Grayson Allen,2513,13.5,3,3.29,0.64,0.92,0.6,3.55,5.93,2.73,2.39,G
OKC,Aleksej Pokusevski,60,1.2,0.5,0.8,0.2,0.1,0.1,0.4,1.1,0.2,1.67,F
OKC,Keyontae Johnson,66,1.2,0.4,0.67,0.44,0.11,0,0.67,0.33,0.11,1,F
OKC,Isaiah Joe,1445,8.2,1.3,1.9,0.41,0.59,0.28,1.15,4.53,1.88,2.11,G
OKC,Luguentz Dort,2246,10.9,1.4,2.66,0.94,0.91,0.59,2.94,5.01,1.97,1.53,G
OKC,Jaylin Williams,897,4,1.6,2.87,0.52,0.41,0.39,1.13,2.09,0.77,3.24,F
OKC,Tre Mann,119,3.8,1.5,1.54,0.31,0.23,0,1.38,1.46,0.62,2.22,G
OKC,Jalen Williams,2223,19.1,4.5,3.45,0.52,1.13,0.63,9.92,3.39,1.45,2.62,G-F
OKC,Josh Giddey,2011,12.3,4.8,5.04,1.39,0.64,0.55,7.2,3.04,1.03,2.3,G
OKC,Adam Flagler,14,1.5,2,0,0,0,0,0,3,0.5,0,G
OKC,Vasilije Micic,361,3.3,2.5,0.77,0.03,0.3,0.1,1.4,1.5,0.37,2.62,G
OKC,Mike Muscala,91,1.1,0.3,0.88,0.44,0.06,0.06,0.88,0.69,0.06,1,F-C
OKC,Lindy Waters III,280,3.6,0.6,0.87,0.18,0.13,0.18,0.42,2.24,0.97,3.43,F
OKC,Bismack Biyombo,73,1.8,0.2,1.3,0.5,0.1,0.3,1.4,0,0,0.5,C
OKC,Kenrich Williams,1029,4.7,1.3,2.14,0.88,0.55,0.13,2.03,2.04,0.81,2.91,G-F
OKC,Ousmane Dieng,365,4,1.1,1.24,0.3,0.24,0.15,1.45,2.12,0.64,1.95,F
OKC,Gordon Hayward,447,5.3,1.6,1.96,0.5,0.46,0.04,1.92,1.12,0.58,2.8,F
OKC,Cason Wallace,1692,6.8,1.5,1.65,0.63,0.93,0.45,2.46,2.85,1.2,2.67,G
OKC,Davis Bertans,91,2.9,0.6,0.53,0.13,0.2,0.2,0,1.6,0.67,9,F
OKC,Aaron Wiggins,1228,6.9,1.1,1.62,0.77,0.72,0.24,3.77,1.62,0.79,1.54,G
OKC,Shai Gilgeous-Alexander,2553,30.1,6.2,4.67,0.87,2,0.89,14.21,3.59,1.27,2.87,G
OKC,Chet Holmgren,2413,16.5,2.4,6.33,1.57,0.65,2.32,8.41,4.26,1.57,1.53,C-F
OKC,Olivier Sarr,98,2.3,0.1,1.73,0.67,0,0.47,1.2,0.4,0.13,0.67,C
POR,Rayan Rupert,633,4,1.6,1.74,0.62,0.31,0.08,1.28,2,0.72,2,G
POR,Toumani Camara,1739,7.5,1.2,2.91,1.99,0.94,0.47,3.89,2.46,0.83,1.04,F
POR,Jamaree Bouyea,57,1.7,1.3,1.33,0.33,0,0,1.33,1.33,0,1,G
POR,Moses Brown,200,3.4,0.3,2.23,1.68,0.23,0.32,3,0,0,0.64,C
POR,Jerami Grant,1830,21,2.8,2.85,0.69,0.83,0.63,7.59,5.11,2.06,1.31,F
POR,Anfernee Simons,1582,22.6,5.5,3.15,0.48,0.5,0.11,7,8.8,3.39,2.02,G
POR,Dalano Banton,876,16.7,3.6,3.8,0.97,0.93,0.57,8,6.1,1.9,1.61,G
POR,Taze Moore,40,4.5,1.3,1,1,0.5,0,3.5,1.75,0.25,1.67,G
POR,Deandre Ayton,1784,16.7,1.6,7.87,3.2,1.02,0.76,11.49,0.18,0.02,0.91,C
POR,Ish Wainright,46,2.9,0,1.29,0,0.29,0.14,0,2.29,0.86,0,F
POR,Ashton Hagans,316,4.2,2.8,1.63,0.74,0.58,0.47,2.21,1.32,0.42,1.8,G
POR,Matisse Thybulle,1487,5.4,1.4,1.63,0.46,1.74,0.75,1.35,3.55,1.23,2.25,G-F
POR,Skylar Mays,356,6.3,3.6,1.33,0.43,0.67,0.14,2.95,2.33,0.67,4.17,G
POR,Scoot Henderson,1765,14,5.4,2.27,0.85,0.77,0.21,5.45,4.32,1.4,1.58,G
POR,Kris Murray,1348,6.1,1.3,2.24,1.37,0.85,0.34,3.1,2.95,0.79,1.45,F
POR,Ibou Badji,226,1.5,0.6,1.41,0.91,0.14,0.91,1,0,0,0.87,C
POR,Robert Williams III,119,6.8,0.8,4.5,1.83,1.17,1.17,4.33,0,0,0.71,C-F
POR,Justin Minaya,381,1.8,0.6,0.76,0.88,0.26,0.29,0.59,1.44,0.35,2.33,F
POR,Duop Reath,1214,9.1,1,2.31,1.37,0.49,0.56,4.06,3.6,1.29,1.29,C
POR,Shaedon Sharpe,1059,15.9,2.9,3.69,1.31,0.88,0.38,5.69,5.63,1.88,1.31,G
POR,Malcolm Brogdon,1121,15.7,5.5,3.08,0.72,0.69,0.21,5.23,5.1,2.1,3.57,G
POR,Jabari Walker,1700,8.9,1,4.96,2.1,0.58,0.31,5.14,1.93,0.57,1.08,F
GSW,Dario Saric,1098,8,2.3,3.28,1.14,0.48,0.16,3.06,3.08,1.16,1.85,F-C
GSW,Lester Quinones,394,4.4,1,1.38,0.57,0.16,0.05,1.08,2.38,0.86,2.12,G
GSW,Pat Spencer,26,0.7,0.8,0.33,0.33,0,0,0.67,0.33,0,5,G
GSW,Usman Garuba,18,0.5,0.2,0.67,0.5,0.17,0.5,0.33,0.17,0,0.5,F
GSW,Brandin Podziemski,1968,9.2,3.7,4.18,1.59,0.82,0.19,4.62,3.16,1.22,3.1,G
GSW,Klay Thompson,2284,17.9,2.3,2.84,0.45,0.65,0.45,3.09,8.99,3.48,1.5,G
GSW,Cory Joseph,296,2.4,1.6,0.92,0.23,0.15,0.12,0.54,1.62,0.5,3.5,G
GSW,Draymond Green,1490,8.6,6,5.85,1.38,1,0.85,4.69,2.35,0.93,2.46,F
GSW,Andrew Wiggins,1920,13.2,1.7,3,1.52,0.59,0.58,6.11,3.58,1.28,1.37,F
GSW,Trayce Jackson-Davis,1130,7.9,1.2,3.03,1.99,0.43,1.12,6.79,0.01,0,1.67,F
GSW,Stephen Curry,2421,26.4,5.1,3.96,0.5,0.73,0.38,5.86,11.84,4.82,1.8,G
GSW,Chris Paul,1531,9.2,6.8,3.57,0.31,1.21,0.1,1.97,3.62,1.34,5.17,G
GSW,Gary Payton II,680,5.5,1.1,1.52,1.05,0.89,0.41,3.77,1.25,0.45,1.78,G
GSW,Moses Moody,1156,8.1,0.9,1.98,0.98,0.64,0.36,3.33,3.03,1.09,1.3,G
GSW,Jonathan Kuminga,1949,16.1,2.2,3.55,1.24,0.74,0.49,10,2.23,0.72,1.34,F
GSW,Jerome Robinson,81,1.4,0.2,0.23,0.05,0.05,0.14,0.82,0.77,0.09,2.5,G
GSW,Kevon Looney,1195,4.5,1.8,3.73,1.93,0.38,0.39,3.59,0.01,0,2.66,C-F
GSW,Gui Santos,192,3.6,0.6,1.39,0.74,0.17,0.09,1.57,1.17,0.43,2,F
