"Team_Alias","Player_Name","Minutes","PPG","APG","DefRBD","OffRBD","SPG","BPG","Paint_PPG","att_3PT_pg","made_3PT_pg","ATO","Position","scoring","shooting","passing","defense","rebounding"
"MIN","Kyle Anderson",1782,6.4,4.2,2.7,0.76,0.9,0.59,4.28,0.61,0.14,3.64,"F",36,8,89,69,39
"MIN","Rudy Gobert",2593,14,1.3,9.17,3.75,0.68,2.13,10.61,0.04,0,0.86,"C",82,32,6,95,100
"MIN","Mike Conley",2193,11.4,5.9,2.38,0.49,1.16,0.22,2.63,5.33,2.36,4.4,"G",44,71,98,76,25
"MIN","Naz Reid",1964,13.5,1.3,4.32,0.9,0.78,0.9,5.68,5.04,2.09,0.95,"C",63,72,8,73,71
"MIN","Jaden McDaniels",2105,10.5,1.4,2.33,0.78,0.88,0.58,5.36,3.54,1.19,1.16,"F",53,49,13,67,32
"MIN","Karl-Anthony Towns",2026,21.8,3,6.79,1.52,0.69,0.66,9.9,5.27,2.19,1.07,"C-F",91,89,38,51,91
"MIN","Jordan McLaughlin",626,3.5,2,0.96,0.32,0.63,0.13,0.89,1.59,0.75,5.79,"G",1,11,93,22,3
"MIN","Anthony Edwards",2770,25.9,5.1,4.78,0.66,1.28,0.53,10.71,6.73,2.41,1.68,"G",97,95,73,87,69
"MIN","Nickeil Alexander-Walker",1921,8,2.5,1.61,0.43,0.78,0.51,2.22,4.09,1.6,2.68,"G",28,51,64,53,11
"CLE","Tristan Thompson",549,3.3,1,2.06,1.49,0.24,0.29,2.98,0.02,0,1.76,"F",12,0,22,5,56
"CLE","Sam Merrill",1069,8,1.8,1.61,0.36,0.31,0.07,0.49,5.8,2.34,5.68,"G",14,63,92,3,10
"CLE","Craig Porter Jr.",649,5.6,2.3,1.73,0.41,0.41,0.29,3.1,0.67,0.24,2.62,"G",21,8,60,13,13
"CLE","Jarrett Allen",2442,16.5,2.7,7.38,3.16,0.69,1.05,12.81,0.08,0,1.74,"C",89,43,48,72,97
"CLE","Donovan Mitchell",1942,26.6,6.1,4.25,0.84,1.84,0.55,8.76,8.98,3.31,2.16,"G",94,99,87,98,68
"CLE","Darius Garland",1901,18,6.5,2.14,0.53,1.3,0.12,6.7,6.25,2.32,2.12,"G",77,85,89,80,24
"CLE","Dean Wade",1108,5.4,0.8,3.35,0.69,0.74,0.46,0.52,3.74,1.46,2.15,"F-C",5,37,31,47,48
"CLE","Caris LeVert",1958,14,5.1,3.54,0.57,1.12,0.5,6.18,4.88,1.59,2.96,"G",68,66,89,81,47
"CLE","Isaac Okoro",1887,9.4,1.9,2.01,0.97,0.83,0.49,4.29,3.12,1.22,2.44,"F-G",46,46,51,57,34
"CLE","Evan Mobley",1532,15.7,3.2,7.14,2.22,0.9,1.44,11.6,1.18,0.44,1.78,"C",86,51,56,91,95
"CLE","Max Strus",2239,12.2,4,3.89,0.94,0.91,0.41,3.66,6.84,2.4,2.53,"G-F",50,74,76,60,66
"CLE","Georges Niang",1831,9.4,1.2,3.12,0.27,0.37,0.22,2.85,4.83,1.82,1.36,"F",39,59,16,9,28
"LAL","LeBron James",2504,25.7,8.3,6.44,0.86,1.25,0.54,13.55,5.11,2.1,2.4,"F",98,93,96,87,84
"LAL","Jarred Vanderbilt",581,5.2,1.2,3.34,1.41,1.24,0.17,3.52,0.93,0.28,1.29,"F",23,7,13,79,71
"LAL","Taurean Prince",2108,8.9,1.5,2.68,0.27,0.74,0.45,2.54,4.56,1.81,1.63,"F",34,56,29,46,23
"LAL","Jaxson Hayes",877,4.3,0.5,2.03,0.99,0.49,0.41,3.57,0.11,0,0.77,"C-F",18,2,1,23,35
"LAL","Rui Hachimura",1826,13.6,1.2,3.47,0.85,0.6,0.37,6.74,3.41,1.44,1.76,"F",72,62,28,29,57
"LAL","Spencer Dinwiddie",678,6.8,2.4,1.54,0.14,0.46,0.46,1.29,3.21,1.25,2.34,"G",15,37,57,23,5
"LAL","Cam Reddish",984,5.4,1,1.5,0.56,0.98,0.29,2.17,2.29,0.77,1.55,"F-G",15,19,17,60,14
"LAL","Christian Wood",872,6.9,1,4.3,0.78,0.32,0.66,3.32,2.28,0.7,0.98,"F",30,23,4,20,67
"LAL","Austin Reaves",2629,15.9,5.5,3.6,0.7,0.8,0.3,6.17,5.12,1.88,2.59,"G",74,74,88,45,53
"LAL","D'Angelo Russell",2484,18,6.3,2.74,0.37,0.91,0.47,5.58,7.17,2.97,3.09,"G",75,92,94,63,26
"LAL","Max Christie",944,4.2,0.9,1.9,0.22,0.3,0.25,1.37,1.76,0.63,1.71,"G",6,10,19,7,10
"LAL","Anthony Davis",2700,24.7,3.5,9.5,3.14,1.2,2.34,15.71,1.41,0.38,1.67,"F-C",98,72,57,99,99
"CHA","Ish Smith",741,3.2,3.4,1.51,0.26,0.4,0.09,1.95,0.19,0.09,3.09,"G",6,1,79,8,7
"CHA","Bryce McGowens",882,5.1,0.9,1.44,0.29,0.36,0.17,2.03,1.73,0.58,1.7,"G",12,15,18,8,7
"CHA","Grant Williams",888,13.9,3.2,3.76,1.38,0.69,0.41,6.28,4.34,1.62,1.66,"F",25,53,30,32,46
"CHA","Grant Williams",888,13.9,3.2,3.76,1.38,0.69,0.41,6.28,4.34,1.62,1.66,"F",69,67,52,41,75
"CHA","Tre Mann",868,11.9,5.2,3.89,0.57,1.71,0.11,5.86,3.82,1.39,2.59,"G",60,58,86,93,54
"CHA","JT Thor",781,3.2,0.5,1.63,0.68,0.17,0.43,1.49,1.29,0.44,1.93,"F",3,6,17,5,20
"CHA","P.J. Washington Jr.",1286,13.6,2.2,4.07,1.2,0.86,0.73,6.45,5.55,1.8,1.47,"F",69,68,36,72,74
"CHA","P.J. Washington Jr.",1286,13.6,2.2,4.07,1.2,0.86,0.73,6.45,5.55,1.8,1.47,"F",56,65,23,91,80
"CHA","Vasilije Micić",815,10.8,6.2,1.7,0.43,0.73,0.13,4.67,3.63,1.07,2.66,"G",51,47,91,30,13
"CHA","Cody Martin",753,7.5,3.7,3.21,0.68,1.14,0.64,3.29,3.07,0.96,2.36,"G-F",32,31,70,85,44
"CHA","Brandon Miller",2383,17.3,2.4,3.45,0.81,0.89,0.57,5.46,6.66,2.49,1.33,"F-G",74,87,36,67,56
"CHA","Kyle Lowry",0,0,0,0,0,0,0,0,0,0,0,"G",25,54,79,75,38
"CHA","Nick Richards",1759,9.7,0.8,5.48,2.57,0.39,1.1,7.58,0.01,0,0.74,"C",62,16,2,46,93
"CHA","Gordon Hayward",798,14.5,4.6,3.68,1,1.12,0.48,6.8,2.44,0.88,2.27,"F",73,55,78,80,64
"CHA","Miles Bridges",2581,21,3.3,6.29,1.03,0.94,0.48,10.23,6.52,2.28,1.67,"F",89,89,54,68,86
"CHA","Nick Smith Jr.",729,5.9,1.2,1.06,0.35,0.2,0.14,1.33,2.86,1.24,1.51,"G",12,32,19,1,5
"CHA","LaMelo Ball",711,23.9,8,3.82,1.32,1.82,0.18,9.91,8.95,3.18,2.12,"G",93,97,95,96,74
"CHA","Dāvis Bertāns",583,8.8,0.9,1.57,0.25,0.82,0.32,0.86,6.29,2.36,1.53,"F",19,66,15,48,8
"CHA","Terry Rozier",1065,23.2,6.6,3.33,0.57,1.07,0.4,8.87,7.73,2.77,3.05,"G",90,94,96,76,42
"CHA","Terry Rozier",1065,23.2,6.6,3.33,0.57,1.07,0.4,8.87,7.73,2.77,3.05,"G",73,81,90,62,49
"LAC","Ivica Zubac",1794,11.7,1.4,6.32,2.88,0.32,1.22,9.88,0,0,1.18,"C",76,23,14,45,96
"LAC","Russell Westbrook",1529,11.1,4.5,3.68,1.37,1.09,0.34,6.91,2.26,0.62,2.13,"G",62,39,74,76,74
"LAC","Bones Hyland",540,6.9,2.5,1.35,0.14,0.7,0.11,2.54,3.65,1.19,2.11,"G",24,36,52,27,3
"LAC","Mason Plumlee",674,5.3,1.2,3.78,1.3,0.3,0.37,3.78,0.13,0,1.53,"F-C",26,5,20,9,73
"LAC","James Harden",2470,16.6,8.5,4.65,0.47,1.07,0.79,3.92,6.78,2.58,3.32,"G",66,86,98,85,61
"LAC","Terance Mann",1873,8.8,1.6,2.23,1.16,0.57,0.2,4.67,2.72,0.95,2.48,"G-F",45,37,48,20,45
"LAC","Amir Coffey",1460,6.6,1.1,1.7,0.41,0.59,0.2,2.43,2.63,1,2.3,"G-F",21,29,38,21,12
"LAC","Kawhi Leonard",2330,23.7,3.6,4.88,1.24,1.63,0.87,10.5,4.94,2.06,2.05,"F",93,91,66,97,81
"LAC","Paul George",2502,22.6,3.5,4.74,0.5,1.53,0.5,5.62,7.95,3.28,1.71,"F",83,97,58,94,65
"LAC","Daniel Theis",1007,6.3,1,2.69,1.44,0.36,0.86,4.27,1.19,0.44,1.45,"F-C",35,15,14,32,63
"LAC","Norman Powell",1990,13.9,1.1,2.36,0.21,0.57,0.29,4.53,5.05,2.2,1.24,"G",59,75,10,24,17
"BOS","Payton Pritchard",1825,9.6,3.4,2.38,0.85,0.48,0.07,2.66,4.66,1.79,4.61,"G",38,59,92,10,37
"BOS","Oshae Brissett",630,3.7,0.8,1.8,1.11,0.35,0.15,1.89,1,0.27,2.2,"F-G",8,6,32,6,36
"BOS","Kristaps Porzingis",1690,20.1,2,5.47,1.7,0.74,1.95,8.63,5.14,1.93,1.29,"F-C",85,84,29,93,87
"BOS","Jrue Holiday",2263,12.5,4.8,4.19,1.22,0.88,0.77,4.72,4.67,2,2.69,"G",57,69,85,77,75
"BOS","Dalano Banton",171,2.3,0.8,0.96,0.5,0.21,0.13,1.42,0.67,0.08,1.9,"G",79,78,57,70,65
"BOS","Jayson Tatum",2645,26.9,4.9,7.22,0.91,1.01,0.58,9.43,8.23,3.09,1.94,"F-G",96,99,76,78,88
"BOS","Derrick White",2381,15.2,5.2,3.55,0.7,1.01,1.19,4.74,6.78,2.68,3.37,"G",65,84,91,90,52
"BOS","Al Horford",1740,8.6,2.6,5.09,1.26,0.58,0.95,3.05,3.97,1.66,3.5,"C-F",37,54,77,56,83
"BOS","Sam Hauser",1741,9,1,2.92,0.57,0.51,0.32,1.06,5.89,2.49,2.56,"F",22,68,42,21,35
"BOS","Xavier Tillman Sr.",274,4,1,2,0.7,0.45,0.45,2.5,1.4,0.4,4,"F-C",34,10,39,94,72
"BOS","Luke Kornet",983,5.3,1.1,2.27,1.87,0.37,0.97,4.41,0.02,0.02,3.19,"C-F",31,5,56,38,70
"BOS","Jaylen Brown",2343,23,3.6,4.33,1.2,1.19,0.53,11.49,5.86,2.07,1.5,"G-F",95,90,56,85,76
"WAS","Jared Butler",566,6.3,3.2,1.23,0.23,0.73,0.2,3.45,1.95,0.6,2.52,"G",29,18,68,34,4
"WAS","Bilal Coulibaly",1715,8.4,1.7,3.17,0.89,0.9,0.76,3.75,2.94,1.02,1.26,"F-G",40,38,21,78,53
"WAS","Jordan Poole",2346,17.4,4.4,2.31,0.41,1.1,0.32,6.23,7.23,2.36,1.82,"G",76,85,69,75,21
"WAS","Deni Avdija",2257,14.7,3.8,6.08,1.12,0.8,0.48,8.08,3.13,1.17,1.79,"F",77,61,63,53,85
"WAS","Corey Kispert",2067,13.4,2,2.44,0.38,0.51,0.2,4.75,6,2.3,1.59,"F",59,76,35,16,23
"WAS","Landry Shamet",726,7.1,1.2,1,0.35,0.54,0.22,2.04,3.41,1.15,1.8,"G",20,35,28,19,4
"WAS","Kyle Kuzma",2281,22.2,4.2,5.74,0.89,0.53,0.7,11.2,6.43,2.16,1.54,"F",93,90,63,40,82
"WAS","Johnny Davis",613,3,0.6,1.08,0.36,0.36,0.2,1.8,0.8,0.28,2.46,"G",4,3,35,9,5
"WAS","Daniel Gafford",1192,10.9,1.5,5.11,2.91,0.98,2.16,8.76,0,0,1.5,"F-C",72,20,25,97,94
"WAS","Daniel Gafford",1192,10.9,1.5,5.11,2.91,0.98,2.16,8.76,0,0,1.5,"F-C",76,21,32,92,89
"WAS","Tyus Jones",1933,12,7.3,2.41,0.3,1.08,0.27,5.48,3.88,1.61,7.35,"G",58,61,100,70,20
"WAS","Trey Jemison",1,0,0,0.5,0,0,0,0,0,0,0,"C",49,8,4,65,87
"WAS","Marvin Bagley III",575,13.3,1.2,4.58,3.5,0.63,0.79,9.92,0.71,0.33,0.93,"F-C",78,40,6,53,95
"DAL","Dante Exum",1088,7.8,2.9,2.25,0.45,0.4,0.09,3.75,1.96,0.96,3.2,"G",38,33,75,8,21
"DAL","Dereck Lively II",1294,8.8,1.1,4.42,2.45,0.65,1.4,8.04,0.04,0,1.2,"C",61,13,9,81,90
"DAL","Tim Hardaway Jr.",2120,14.4,1.8,2.94,0.28,0.53,0.08,2.78,7.56,2.67,2.01,"G-F",52,83,41,13,27
"DAL","Maxi Kleber",871,4.4,1.6,2.63,0.7,0.4,0.7,1.26,2.14,0.74,2.43,"F",6,16,47,27,35
"DAL","Daniel Gafford",623,11.2,1.6,4.72,2.21,0.72,1.93,10,0,0,1.64,"F-C",72,20,25,97,94
"DAL","Daniel Gafford",623,11.2,1.6,4.72,2.21,0.72,1.93,10,0,0,1.64,"F-C",76,21,32,92,89
"DAL","Derrick Jones Jr.",1783,8.6,1,2.21,1.08,0.7,0.67,4.03,3.14,1.08,1.15,"F",41,41,8,54,41
"DAL","Grant Williams",1242,8.1,1.7,2.62,0.98,0.51,0.57,1.96,4.47,1.68,1.53,"F",25,53,30,32,46
"DAL","Grant Williams",1242,8.1,1.7,2.62,0.98,0.51,0.57,1.96,4.47,1.68,1.53,"F",69,67,52,41,75
"DAL","P.J. Washington Jr.",935,11.7,1.5,5.07,1.1,1.17,0.93,4.97,5.83,1.83,1.47,"F",69,68,36,72,74
"DAL","P.J. Washington Jr.",935,11.7,1.5,5.07,1.1,1.17,0.93,4.97,5.83,1.83,1.47,"F",56,65,23,91,80
"DAL","Dwight Powell",836,3.3,1.3,1.86,1.54,0.41,0.32,2.25,0.05,0.02,2.63,"F-C",8,1,47,14,54
"DAL","Jaden Hardy",989,7.3,1.5,1.52,0.27,0.3,0.05,2.49,3.07,1.11,1.76,"G",26,34,33,2,8
"DAL","Josh Green",1505,8.2,2.3,2.53,0.7,0.82,0.16,3.44,3.28,1.26,2.17,"G",37,43,50,41,32
"DAL","Luka Dončić",2624,33.9,9.8,8.4,0.84,1.41,0.54,11.06,10.63,4.06,2.43,"F-G",99,100,98,91,92
"DAL","Kyrie Irving",2030,25.6,5.2,4.24,0.76,1.28,0.48,9.52,7.26,2.98,2.82,"G",94,98,88,86,66
"DEN","Justin Holiday",862,4,1.2,1.07,0.16,0.62,0.16,0.72,2.34,0.95,4.79,"F-G",2,18,82,23,2
"DEN","Aaron Gordon",2297,13.9,3.5,4.07,2.38,0.77,0.62,9.51,1.89,0.55,2.47,"F",78,46,70,57,88
"DEN","Julian Strawther",545,4.5,0.9,1.12,0.1,0.34,0.14,1.48,2.76,0.82,2.04,"G",8,17,29,5,1
"DEN","Michael Porter Jr.",2565,16.7,1.5,5.67,1.31,0.52,0.65,4.77,6.84,2.72,1.33,"F",71,88,20,37,85
"DEN","Zeke Nnaji",576,3.2,0.6,1.12,1.05,0.26,0.66,2.17,0.4,0.1,1.19,"F-C",7,1,4,16,25
"DEN","Jamal Murray",1861,21.2,6.5,3.39,0.71,0.97,0.66,7.08,5.78,2.46,3.07,"G",84,92,95,78,49
"DEN","Reggie Jackson",1817,10.2,3.8,1.49,0.4,0.54,0.16,4.34,3.46,1.24,2.91,"G",48,49,79,17,9
"DEN","Peyton Watson",1488,6.7,1.1,2.53,0.7,0.53,1.1,3.73,1.9,0.56,1.48,"G",32,19,17,59,32
"DEN","Christian Braun",1655,7.3,1.6,2.77,0.96,0.51,0.43,3.68,2,0.77,2.4,"G",35,25,46,25,47
"DEN","Kentavious Caldwell-Pope",2402,10.1,2.4,2,0.41,1.29,0.55,2.47,4.05,1.64,2.44,"G",39,58,59,88,17
"DEN","Nikola Jokić",2737,26.4,9,9.53,2.82,1.37,0.86,16.81,2.92,1.05,2.99,"C",100,86,99,95,99
"ATL","Bruno Fernando",682,6.3,1,2.98,1.31,0.56,0.62,4.84,0.09,0,1.05,"F-C",39,7,5,39,63
"ATL","Onyeka Okongwu",1405,10.2,1.3,4.2,2.64,0.47,1.09,7.2,1.25,0.42,1.64,"F-C",61,28,26,52,91
"ATL","Dejounte Murray",2783,22.5,6.4,4.54,0.79,1.42,0.31,8.79,7.1,2.58,2.5,"G",89,93,91,88,70
"ATL","Vit Krejci",541,6.1,2.3,1.86,0.5,0.59,0.27,1.91,3.09,1.27,2.5,"G",16,34,58,24,18
"ATL","Garrison Mathews",992,4.9,0.6,1.14,0.26,0.3,0.12,0.36,2.92,1.29,1.95,"G",2,29,20,4,4
"ATL","De'Andre Hunter",1681,15.6,1.5,3.35,0.54,0.7,0.28,4.63,5.33,2.05,1.05,"F-G",66,77,12,36,41
"ATL","Bogdan Bogdanovic",2401,16.9,3.1,2.77,0.67,1.22,0.33,4.58,8.11,3.04,2.21,"G",70,91,61,81,37
"ATL","Clint Capela",1883,11.5,1.2,6.04,4.59,0.59,1.45,9.64,0.01,0,1.23,"C",75,22,12,79,99
"ATL","Trae Young",1942,25.7,10.8,2.33,0.43,1.33,0.2,7.52,8.69,3.24,2.48,"G",91,99,99,82,22
"ATL","Jalen Johnson",1889,16,3.6,7.39,1.32,1.2,0.84,9.68,3.57,1.27,2.01,"F",82,66,65,90,92
"ATL","Saddiq Bey",2062,13.7,1.5,3.87,2.65,0.81,0.17,5.33,5.68,1.79,1.7,"G-F",63,68,32,40,90
"MIL","Pat Connaughton",1676,5.6,2.1,2.47,0.67,0.53,0.25,1.79,3.13,1.08,3.29,"G",13,26,68,19,30
"MIL","Khris Middleton",1487,15.1,5.3,3.95,0.73,0.93,0.27,3.96,4.49,1.71,2.3,"F",61,70,84,55,59
"MIL","Damian Lillard",2579,24.3,7,3.89,0.49,0.99,0.25,6.77,8.52,3.01,2.63,"G",87,96,95,59,50
"MIL","AJ Green",614,4.5,0.5,0.98,0.16,0.16,0.07,0.21,3.02,1.23,2.5,"G",1,26,34,0,1
"MIL","Bobby Portis",2008,13.8,1.3,5.67,1.73,0.83,0.41,6.34,3,1.22,1.14,"F",69,60,11,52,89
"MIL","Giannis Antetokounmpo",2567,30.4,6.5,8.84,2.68,1.19,1.08,20.33,1.7,0.47,1.9,"F",100,86,87,93,98
"MIL","Andre Jackson Jr.",572,2.2,0.9,1.23,0.75,0.28,0.11,1.02,0.81,0.3,1.79,"G",0,2,21,3,16
"MIL","Patrick Beverley",543,6,2.6,2.88,0.73,0.73,0.5,2.15,2.77,1,4.25,"G",17,25,86,48,40
"MIL","Brook Lopez",2411,12.5,1.6,3.7,1.48,0.54,2.39,5.22,5.11,1.87,1.61,"C",58,67,30,94,76
"MIL","Malik Beasley",2337,11.3,1.4,3.15,0.52,0.75,0.11,1.9,6.86,2.84,2,"G",40,80,36,32,38
"MIL","Jae Crowder",1156,6.2,1.3,2.6,0.62,0.76,0.18,1.64,3.32,1.16,2.87,"F",15,32,51,36,30
"MIL","MarJon Beauchamp",608,4.4,0.6,1.6,0.46,0.27,0.15,1.71,1.56,0.63,1.15,"F",9,12,3,3,12
"MIL","Cameron Payne",702,6.2,2.3,1.21,0.11,0.47,0.06,1.53,2.79,1.11,3.52,"G",14,30,73,10,2
"CHI","Dalen Terry",681,3.1,1.4,1.42,0.49,0.46,0.31,1.73,1.25,0.29,2.53,"F",4,3,45,17,11
"CHI","Andre Drummond",1351,8.4,0.5,5.61,3.35,0.92,0.61,6.71,0.04,0,0.46,"C",54,11,0,71,96
"CHI","DeMar DeRozan",2989,24,5.3,3.76,0.54,1.14,0.57,8.58,2.85,0.95,3.12,"G-F",91,81,90,83,49
"CHI","Patrick Williams",1174,10,1.5,2.79,1.07,0.93,0.77,3.49,3.44,1.37,1.16,"F",43,52,16,79,52
"CHI","Nikola Vucevic",2610,18,3.3,7.78,2.76,0.66,0.79,10.32,4.12,1.21,2.12,"C",86,70,62,56,97
"CHI","Jevon Carter",1004,5,1.3,0.68,0.15,0.51,0.22,0.75,3.25,1.07,2.61,"G",5,24,46,18,0
"CHI","Alex Caruso",2040,10.1,3.5,2.97,0.87,1.69,0.99,3.04,4.69,1.92,2.42,"G",41,62,69,99,48
"CHI","Coby White",2881,19.1,5.1,3.97,0.56,0.67,0.23,7.14,7.04,2.65,2.44,"G",81,90,84,29,55
"CHI","Torrey Craig",1049,5.7,1.1,2.79,1.3,0.57,0.4,1.7,2.89,1.13,1.81,"F",13,28,27,28,60
"CHI","Zach LaVine",872,19.5,3.9,4.84,0.32,0.84,0.32,6.48,6.76,2.36,1.88,"G",80,88,67,49,60
"CHI","Ayo Dosunmu",2212,12.2,3.2,2.13,0.71,0.89,0.47,5.66,3.88,1.57,2.35,"G",59,61,67,61,27
"MEM","Jordan Goodwin",497,10,4.5,5.18,2.82,1.47,0.53,4.35,3.59,1.12,2.85,"G",14,14,58,22,33
"MEM","Vince Williams Jr.",1436,10,3.4,4.44,1.13,0.9,0.65,3.35,4.02,1.52,1.9,"G-F",42,55,60,71,76
"MEM","Ziaire Williams",1038,8.2,1.5,2.84,0.69,0.71,0.18,3.02,3.71,1.14,1.14,"G-F",34,40,15,31,39
"MEM","Santi Aldama",1618,10.7,2.3,4.59,1.18,0.7,0.89,4.33,4.98,1.74,2,"F",49,60,48,66,78
"MEM","GG Jackson II",1233,14.6,1.2,2.98,1.1,0.58,0.5,5.42,5.96,2.13,0.91,"F",67,76,5,35,57
"MEM","David Roddy",1114,8.4,1.6,3.1,1.06,0.52,0.23,4.38,3.25,0.98,1.41,"F",42,36,24,18,58
"MEM","Jaren Jackson Jr.",2124,22.5,2.3,4.24,1.29,1.21,1.61,11.76,5.55,1.77,0.96,"F-C",94,87,24,97,77
"MEM","Desmond Bane",1443,23.7,5.5,3.55,0.86,1.02,0.52,8.62,8.57,3.26,2.05,"G",90,98,83,77,58
"MEM","Jacob Gilyard",654,4.7,3.5,0.95,0.22,0.73,0.14,0.22,3.24,1.38,4.52,"G",2,31,92,30,2
"MEM","Bismack Biyombo",718,5.2,1.7,4.47,1.9,0.33,1.13,4.47,0,0,1.34,"C",30,4,24,43,85
"MEM","John Konchar",1173,4.3,2,3.36,1.31,0.93,0.93,1.82,2.18,0.69,2.39,"G-F",10,14,51,82,69
"MEM","Luke Kennard",999,11,3.5,2.62,0.28,0.51,0.05,1.13,6.1,2.74,2.52,"G-F",33,77,71,11,21
"MEM","Marcus Smart",605,14.5,4.3,2.35,0.3,2.05,0.25,5.1,6.7,2.1,1.39,"G",64,75,61,98,19
"MEM","Jake LaRavia",806,10.8,1.7,2.2,1.46,0.83,0.34,3.49,4.46,1.51,1.29,"F",46,56,22,49,57
"MEM","Trey Jemison",572,7.4,1.2,3,2.78,0.52,1.22,6.35,0,0,0.82,"C",49,8,4,65,87
"MEM","Xavier Tillman Sr.",700,6,1.7,2.97,1.65,1.24,1.03,4.35,1.56,0.35,1.97,"F-C",34,10,39,94,72
"MIA","Jimmy Butler",2042,20.8,5,3.55,1.75,1.32,0.28,9.53,2.42,1,2.92,"F",88,72,87,84,79
"MIA","Bam Adebayo",2416,19.3,3.9,8.14,2.24,1.14,0.93,12.68,0.59,0.21,1.72,"C-F",92,56,62,89,96
"MIA","Duncan Robinson",1905,12.9,2.8,2.32,0.22,0.68,0.24,3.26,6.96,2.75,2.02,"F",50,82,55,31,15
"MIA","Jaime Jaquez Jr.",2113,11.9,2.6,2.71,1.09,1.03,0.27,6.85,2.69,0.87,1.77,"F-G",65,47,47,66,51
"MIA","Caleb Martin",1756,10,2.2,3.23,1.16,0.73,0.45,4.22,3.63,1.27,1.86,"F",47,49,44,45,62
"MIA","Kevin Love",924,8.8,2.1,5.07,1.07,0.33,0.18,2.44,4.44,1.53,2.4,"F-C",32,52,53,6,80
"MIA","Tyler Herro",1407,20.8,4.5,4.83,0.45,0.71,0.07,6.71,7.93,3.14,2.02,"G",83,94,72,26,64
"MIA","Kyle Lowry",1037,8.2,4,2.81,0.68,1.05,0.41,1.84,4.35,1.68,2.77,"G",25,54,79,75,38
"MIA","Haywood Highsmith",1366,6.1,1.1,2.2,0.98,0.8,0.45,2.18,2.91,1.15,2.06,"F",17,31,34,51,38
"MIA","Terry Rozier",975,16.4,4.6,3.61,0.58,1,0.29,5.68,5.74,2.13,3.51,"G",90,94,96,76,42
"MIA","Terry Rozier",975,16.4,4.6,3.61,0.58,1,0.29,5.68,5.74,2.13,3.51,"G",73,81,90,62,49
"MIA","Nikola Jović",896,7.7,2,3.63,0.54,0.54,0.3,2.57,3.54,1.41,2.14,"F",29,45,46,22,47
"MIA","Josh Richardson",1103,9.9,2.4,2.4,0.42,0.56,0.33,3.3,4.42,1.53,2.92,"G",42,54,67,25,24
"NOP","Jordan Hawkins",1160,7.8,1,1.78,0.43,0.28,0.1,1.16,4.45,1.63,1.75,"G",18,50,21,2,14
"NOP","Dyson Daniels",1358,5.8,2.7,2.85,1.02,1.39,0.41,3.05,2.21,0.69,2.78,"G",22,18,68,89,51
"NOP","Trey Murphy III",1690,14.8,2.2,4.18,0.74,0.89,0.49,3.54,7.81,2.96,3.65,"G-F",57,87,74,62,63
"NOP","Zion Williamson",2207,22.9,5,4.06,1.74,1.1,0.67,17.57,0.26,0.09,1.82,"F",99,64,75,84,82
"NOP","Herbert Jones",2321,11,2.6,2.61,0.97,1.38,0.82,4.42,3.59,1.5,2.14,"G-F",50,57,55,95,45
"NOP","Brandon Ingram",2103,20.8,5.7,4.39,0.67,0.78,0.63,7.66,3.78,1.34,2.23,"F",84,79,86,58,65
"NOP","Jose Alvarado",1028,7.1,2.1,1.84,0.45,1.05,0.27,2.14,3.7,1.39,2.93,"G",21,42,63,68,16
"NOP","Naji Marshall",1257,7.1,1.9,2.83,0.8,0.74,0.18,3.09,2.27,0.88,1.97,"F",30,27,42,34,42
"NOP","Larry Nance Jr.",1216,5.7,1.9,3.49,1.54,1,0.31,3.48,1.07,0.44,2.31,"F",25,13,49,64,75
"NOP","CJ McCollum",2159,20,4.6,3.74,0.59,0.94,0.62,5.67,8.44,3.62,2.77,"G",79,96,84,75,51
"NOP","Jonas Valanciunas",1925,12.2,2.1,6.52,2.27,0.39,0.83,7.56,1.46,0.45,1.56,"C",70,38,37,33,94
"UTA","Jordan Clarkson",1682,17.1,5,2.53,0.89,0.64,0.11,7.67,5.62,1.65,1.9,"G",79,73,77,21,40
"UTA","John Collins",1901,15.1,1.1,6.15,2.31,0.59,0.9,8.62,3.41,1.26,0.79,"F-C",78,63,3,54,94
"UTA","Keyonte George",2023,13,4.4,2.61,0.2,0.48,0.09,3.68,5.87,1.96,1.77,"G",53,69,69,11,19
"UTA","Kris Dunn",1249,5.4,3.8,2.11,0.76,1.03,0.42,3.15,1.68,0.62,3.22,"G",20,16,83,73,28
"UTA","Lauri Markkanen",1820,23.2,2,5.95,2.22,0.91,0.47,8.25,7.98,3.18,1.43,"F-C",88,96,33,63,93
"UTA","Omer Yurtseven",545,4.6,0.6,2.83,1.5,0.17,0.38,3.79,0.5,0.1,0.78,"C",22,4,1,4,68
"UTA","Walker Kessler",1493,8.1,0.9,4.94,2.58,0.47,2.41,7.03,0.3,0.06,0.91,"C",55,12,2,92,92
"UTA","Collin Sexton",2075,18.7,4.9,1.72,0.91,0.79,0.23,8.77,4.17,1.64,2.32,"G",84,78,81,42,27
"UTA","Kelly Olynyk",1019,8.1,4.4,3.82,1.26,0.74,0.24,4.04,1.68,0.72,2.7,"F-C",41,27,82,37,72
"UTA","Kelly Olynyk",1019,8.1,4.4,3.82,1.26,0.74,0.24,4.04,1.68,0.72,2.7,"F-C",67,50,71,90,80
"UTA","Ochai Agbaji",1003,5.4,0.9,1.78,0.69,0.53,0.57,2.2,2.78,0.92,1.38,"G",16,22,11,34,22
"UTA","Ochai Agbaji",1003,5.4,0.9,1.78,0.69,0.53,0.57,2.2,2.78,0.92,1.38,"G",35,19,12,51,50
"UTA","Talen Horton-Tucker",1009,10.1,3.5,1.96,0.41,0.88,0.37,4.59,3.57,1.18,2.72,"G",48,48,73,55,17
"UTA","Brice Sensabaugh",584,7.5,1.7,2.69,0.5,0.41,0.19,2.44,3.59,1.06,1.17,"F",27,34,18,10,29
"UTA","Taylor Hendricks",856,7.3,0.8,3.48,1.15,0.7,0.75,2.6,3.5,1.33,1.19,"F",28,41,6,57,67
"UTA","Simone Fontecchio",1160,8.9,1.5,2.48,1.04,0.6,0.36,2.68,4.66,1.82,1.43,"F",36,57,22,29,45
"IND","Andrew Nembhard",1697,9.2,4.1,1.54,0.53,0.93,0.09,4.38,2.51,0.9,2.77,"G-F",45,38,80,46,14
"IND","Isaiah Jackson",771,6.4,0.8,2.4,1.57,0.57,1.02,5,0.07,0,1.28,"F",40,7,8,58,62
"IND","Tyrese Haliburton",2224,20.1,10.9,3.42,0.51,1.2,0.7,6.49,7.75,2.83,4.73,"G",81,93,100,88,41
"IND","Myles Turner",2076,17.1,1.3,5.45,1.47,0.51,1.87,7.95,4.21,1.51,0.92,"C-F",80,71,7,86,86
"IND","Ben Sheppard",814,4.4,0.9,1.3,0.26,0.58,0.04,1.3,2.74,0.86,3.53,"G",7,17,60,15,6
"IND","Pascal Siakam",1303,21.3,3.7,5.71,2.07,0.76,0.37,13.41,2.46,0.95,2.62,"F",96,79,81,44,83
"IND","Pascal Siakam",1303,21.3,3.7,5.71,2.07,0.76,0.37,13.41,2.46,0.95,2.62,"F",97,73,74,44,91
"IND","Bennedict Mathurin",1538,14.5,2,2.95,1.02,0.59,0.24,6.14,3.63,1.36,1.23,"G-F",71,64,28,24,54
"IND","Doug McDermott",204,4.2,0.7,0.5,0.11,0.28,0,0.78,3.11,1,3.25,"F",9,44,40,1,1
"IND","Jalen Smith",1047,9.9,1,3.69,1.84,0.28,0.62,5.38,2.36,1,1.43,"F-C",51,42,14,15,82
"IND","Buddy Hield",1336,12,2.7,2.56,0.65,0.83,0.6,3.19,6.87,2.63,2.24,"G",48,78,58,61,31
"IND","Aaron Nesmith",1995,12.2,1.5,2.94,0.88,0.9,0.68,4.42,4.64,1.94,1.69,"G-F",55,67,31,74,48
"IND","Jordan Nwora",183,5.2,1,1.39,0.44,0.33,0.06,2.56,2,0.61,1.5,"F",38,33,10,27,34
"IND","Daniel Theis",8,2,0,0,0,0,0,2,1,0,0,"F-C",35,15,14,32,63
"IND","T.J. McConnell",1291,10.2,5.5,2.18,0.51,1.01,0.11,7.07,0.62,0.25,3.61,"G",60,24,94,54,24
"IND","Obi Toppin",1730,10.3,1.6,2.87,1.04,0.57,0.52,5.51,3.09,1.24,1.86,"F",54,50,36,35,53
"IND","Bruce Brown",981,12.1,3,3.91,0.76,1.06,0.24,6.18,3.06,1,2.44,"G-F",62,52,66,66,60
"IND","Bruce Brown",981,12.1,3,3.91,0.76,1.06,0.24,6.18,3.06,1,2.44,"G-F",52,29,54,36,46
"TOR","Scottie Barnes",2094,19.9,6.1,5.88,2.35,1.25,1.47,10.13,4.93,1.68,2.2,"G-F",88,82,88,96,93
"TOR","Jalen McDaniels",538,3.4,0.7,1.22,0.36,0.38,0.12,2.08,1.42,0.24,1.23,"F",7,3,5,7,7
"TOR","Pascal Siakam",1354,22.2,4.9,4.92,1.38,0.82,0.26,12.77,3.72,1.18,2.29,"F",96,79,81,44,83
"TOR","Pascal Siakam",1354,22.2,4.9,4.92,1.38,0.82,0.26,12.77,3.72,1.18,2.29,"F",97,73,74,44,91
"TOR","RJ Barrett",1072,21.8,4.1,5.31,1.06,0.59,0.41,13.94,3.75,1.47,1.65,"F-G",97,83,64,31,81
"TOR","Gradey Dick",1268,8.5,1.1,1.75,0.45,0.57,0.03,2.57,4.02,1.47,1.36,"G-F",31,48,13,14,15
"TOR","Gary Trent Jr.",1994,13.7,1.7,2.3,0.35,1.08,0.14,3.52,6.38,2.51,2.53,"G",55,80,50,62,19
"TOR","Kelly Olynyk",740,12.7,4.6,4,1.61,1.32,0.64,6.93,2.54,0.86,1.8,"F-C",41,27,82,37,72
"TOR","Kelly Olynyk",740,12.7,4.6,4,1.61,1.32,0.64,6.93,2.54,0.86,1.8,"F-C",67,50,71,90,80
"TOR","OG Anunoby",900,15.1,2.7,3.04,0.89,1.04,0.48,6,6.04,2.26,1.67,"G-F",72,80,45,77,50
"TOR","Dennis Schroder",1559,13.7,6.1,2.31,0.43,0.9,0.16,4.39,4.31,1.51,3.77,"G",58,64,96,47,22
"TOR","Ochai Agbaji",638,6.7,1.3,1.89,1.44,0.74,0.56,4,2.56,0.56,1.2,"G",16,22,11,34,22
"TOR","Ochai Agbaji",638,6.7,1.3,1.89,1.44,0.74,0.56,4,2.56,0.56,1.2,"G",35,19,12,51,50
"TOR","Jordan Nwora",529,7.9,1.3,2.82,0.59,0.59,0.35,3.65,2.79,0.97,1.07,"F",38,33,10,27,34
"TOR","Immanuel Quickley",1265,18.6,6.8,4.47,0.32,0.89,0.18,5.58,7.13,2.82,3.67,"G",77,91,97,47,55
"TOR","Jakob Poeltl",1319,11.1,2.5,5.66,2.92,0.7,1.52,9.6,0,0,1.65,"C",74,21,43,86,95
"TOR","Chris Boucher",705,6.4,0.5,2.9,1.24,0.28,0.48,3.08,1.88,0.62,0.82,"F",26,20,1,11,59
"TOR","Bruce Brown",885,9.6,2.7,3,0.82,0.71,0.26,5.76,1.85,0.59,2.04,"G-F",62,52,66,66,60
"TOR","Bruce Brown",885,9.6,2.7,3,0.82,0.71,0.26,5.76,1.85,0.59,2.04,"G-F",52,29,54,36,46
"ORL","Anthony Black",1164,4.6,1.3,1.54,0.48,0.51,0.3,2.03,1.36,0.54,1.63,"G",11,10,25,20,12
"ORL","Goga Bitadze",957,5,1.3,2.85,1.76,0.52,1.16,4,0.23,0.03,1.8,"C-F",27,4,30,61,73
"ORL","Markelle Fultz",910,7.8,2.8,1.91,1.3,0.98,0.35,6.05,0.42,0.09,2.4,"G",49,11,61,65,44
"ORL","Paolo Banchero",2799,22.6,5.4,5.9,1.03,0.89,0.59,9.68,4.39,1.49,1.74,"F",92,84,78,68,84
"ORL","Franz Wagner",2337,19.7,3.7,4.29,1,1.06,0.39,11.61,4.64,1.31,1.96,"F",92,75,66,74,71
"ORL","Joe Ingles",1169,4.4,3,1.82,0.26,0.63,0.07,0.82,2.37,1.03,3.03,"F-G",3,21,72,19,10
"ORL","Gary Harris",1297,6.9,1.6,1.24,0.44,0.91,0.26,1.78,3.8,1.41,2.81,"G",18,42,55,52,9
"ORL","Jalen Suggs",2025,12.6,2.7,2.41,0.64,1.41,0.63,4.24,5.13,2.04,1.55,"G",56,70,44,92,29
"ORL","Wendell Carter Jr.",1406,11,1.7,4.89,2.04,0.64,0.51,5.49,3.11,1.16,1.4,"C-F",57,51,27,41,88
"ORL","Jonathan Isaac",914,6.8,0.5,3.22,1.26,0.74,1.21,3.17,1.93,0.72,1.11,"F",29,23,2,80,66
"ORL","Caleb Houstan",815,4.3,0.5,0.95,0.47,0.25,0.07,0.24,3.27,1.22,1.81,"G",1,25,15,2,6
"ORL","Cole Anthony",1817,11.6,2.9,3.05,0.79,0.79,0.46,4.54,3.4,1.15,1.87,"G",52,53,53,50,46
"ORL","Moritz Wagner",1415,10.9,1.2,2.88,1.46,0.49,0.26,7.3,1.44,0.48,0.99,"F-C",63,33,7,18,67
"SAS","Blake Wesley",876,4.4,2.7,1.25,0.3,0.48,0.15,2.89,0.9,0.2,3.02,"G",16,6,70,12,6
"SAS","Keldon Johnson",2038,15.7,2.8,4.09,1.38,0.74,0.29,7.13,5.32,1.84,1.95,"G-F",75,73,53,39,77
"SAS","Tre Jones",2138,10,6.2,3,0.75,1.01,0.12,5.87,2.48,0.83,4.12,"G",56,39,97,55,43
"SAS","Jeremy Sochan",2193,11.6,3.4,4.58,1.85,0.84,0.54,6.92,3.07,0.95,1.78,"F",64,47,59,60,86
"SAS","Doug McDermott",700,6,1.2,0.87,0.17,0.24,0.04,0.65,3.76,1.65,2.38,"F",9,44,40,1,1
"SAS","Victor Wembanyama",2106,21.4,3.9,8.37,2.27,1.24,3.58,10.11,5.55,1.8,1.05,"F-C",90,85,49,100,97
"SAS","Zach Collins",1526,11.2,2.8,3.65,1.71,0.49,0.75,6.41,2.62,0.84,1.47,"F-C",60,43,44,38,79
"SAS","Cedi Osman",1269,6.8,1.7,2.15,0.35,0.5,0.15,2.56,3.07,1.19,2.53,"F",23,35,50,14,18
"SAS","Malaki Branham",1594,9.2,2.1,1.6,0.37,0.36,0.11,3.95,3.57,1.24,1.71,"G",43,45,39,6,11
"SAS","Julian Champagnie",1468,6.8,1.4,2.22,0.57,0.65,0.57,1.65,3.74,1.36,1.81,"F",17,41,33,44,26
"SAS","Devin Vassell",2248,19.5,4.1,3.44,0.4,1.07,0.34,6.65,6.56,2.44,2.56,"G",81,89,77,72,39
"SAC","Chris Duarte",719,3.9,0.7,1.36,0.44,0.47,0.14,1.08,2.15,0.75,1.69,"G",3,14,16,12,9
"SAC","Domantas Sabonis",2928,19.4,8.2,10.07,3.59,0.9,0.59,13.85,1.06,0.4,2.47,"C",95,60,97,69,100
"SAC","Malik Monk",1872,15.4,5.1,2.56,0.39,0.63,0.54,5.58,5.88,2.06,2.47,"G",71,77,85,42,25
"SAC","Davion Mitchell",1101,5.3,1.9,1.06,0.26,0.24,0.04,2,2.19,0.79,3.12,"G",13,20,65,1,3
"SAC","Trey Lyles",1158,7.2,1.2,3.38,1.05,0.29,0.33,1.97,3.78,1.45,1.89,"F",20,44,31,8,61
"SAC","Keon Ellis",978,5.4,1.5,1.61,0.56,0.89,0.51,1.05,2.95,1.23,2.3,"G",9,30,43,63,16
"SAC","Keegan Murray",2588,15.2,1.7,4.08,1.38,1.03,0.77,5.35,6.64,2.38,2.02,"F",68,82,40,83,77
"SAC","Kevin Huerter",1562,10.2,2.6,2.91,0.59,0.7,0.36,3.56,5.33,1.92,3.13,"G-F",44,62,71,39,36
"SAC","Harrison Barnes",2381,12.2,1.2,2.22,0.82,0.66,0.15,4.24,4.7,1.82,1.71,"F",53,65,26,26,31
"SAC","De'Aaron Fox",2659,26.6,5.6,3.69,0.91,2.03,0.42,11.43,7.84,2.89,2.15,"G",98,98,85,99,61
"PHX","Jordan Goodwin",558,5,2,1.93,1,0.58,0.23,2.2,2,0.58,2.69,"G",14,14,58,22,33
"PHX","Drew Eubanks",1169,5.1,0.8,2.92,1.37,0.36,0.81,3.95,0.04,0.04,1.03,"F-C",27,5,3,28,64
"PHX","Josh Okogie",960,4.6,1.1,1.33,1.23,0.8,0.4,1.87,1.57,0.48,1.78,"G",10,9,26,49,30
"PHX","Devin Booker",2447,27.1,6.9,3.71,0.82,0.9,0.41,9,6.15,2.24,2.65,"G",96,95,94,59,58
"PHX","Royce O'Neale",752,8.1,2.7,4.47,0.73,0.9,0.5,1.8,5.23,1.97,3.73,"F",24,58,80,64,68
"PHX","David Roddy",63,1.3,0.2,0.53,0.12,0.12,0,1.06,0.47,0.06,1.33,"F",42,36,24,18,58
"PHX","Kevin Durant",2791,27.1,5,6.05,0.55,0.92,1.21,8.85,5.43,2.24,1.55,"F",95,95,72,87,79
"PHX","Jusuf Nurkic",2078,10.9,4,8.07,2.95,1.07,1.05,7.71,1.18,0.29,1.72,"C",67,27,64,89,98
"PHX","Keita Bates-Diop",597,4.5,0.9,1.82,0.77,0.56,0.51,2.21,1.64,0.51,2.62,"F",11,9,41,33,26
"PHX","Eric Gordon",1893,11,2,1.56,0.24,0.97,0.44,3.56,5.84,2.21,1.9,"G",47,69,42,69,8
"PHX","Bradley Beal",1767,18.2,5,3.36,1.02,0.98,0.51,8.08,4.43,1.91,2.02,"G",82,81,78,73,59
"PHX","Grayson Allen",2513,13.5,3,3.29,0.64,0.92,0.6,3.55,5.93,2.73,2.39,"G",54,83,65,71,44
"OKC","Isaiah Joe",1445,8.2,1.3,1.9,0.41,0.59,0.28,1.15,4.53,1.88,2.11,"G",19,55,37,25,15
"OKC","Luguentz Dort",2246,10.9,1.4,2.66,0.94,0.91,0.59,2.94,5.01,1.97,1.53,"G",44,65,23,70,43
"OKC","Jaylin Williams",897,4,1.6,2.87,0.52,0.41,0.39,1.13,2.09,0.77,3.24,"F",4,15,62,16,31
"OKC","Tre Mann",119,3.8,1.5,1.54,0.31,0.23,0,1.38,1.46,0.62,2.22,"G",60,58,86,93,54
"OKC","Jalen Williams",2223,19.1,4.5,3.45,0.52,1.13,0.63,9.92,3.39,1.45,2.62,"G-F",86,76,82,84,42
"OKC","Josh Giddey",2011,12.3,4.8,5.04,1.39,0.64,0.55,7.2,3.04,1.03,2.3,"G",68,53,80,43,84
"OKC","Bismack Biyombo",73,1.8,0.2,1.3,0.5,0.1,0.3,1.4,0,0,0.5,"C",30,4,24,43,85
"OKC","Kenrich Williams",1029,4.7,1.3,2.14,0.88,0.55,0.13,2.03,2.04,0.81,2.91,"G-F",11,17,52,17,32
"OKC","Gordon Hayward",447,5.3,1.6,1.96,0.5,0.46,0.04,1.92,1.12,0.58,2.8,"F",73,55,78,80,64
"OKC","Cason Wallace",1692,6.8,1.5,1.65,0.63,0.93,0.45,2.46,2.85,1.2,2.67,"G",23,35,50,65,18
"OKC","Aaron Wiggins",1228,6.9,1.1,1.62,0.77,0.72,0.24,3.77,1.62,0.79,1.54,"G",33,24,18,35,23
"OKC","Shai Gilgeous-Alexander",2553,30.1,6.2,4.67,0.87,2,0.89,14.21,3.59,1.27,2.87,"G",99,92,93,100,73
"OKC","Chet Holmgren",2413,16.5,2.4,6.33,1.57,0.65,2.32,8.41,4.26,1.57,1.53,"C-F",80,71,39,96,90
"POR","Rayan Rupert",633,4,1.6,1.74,0.62,0.31,0.08,1.28,2,0.72,2,"G",5,13,38,4,20
"POR","Toumani Camara",1739,7.5,1.2,2.91,1.99,0.94,0.47,3.89,2.46,0.83,1.04,"F",37,28,9,67,78
"POR","Jerami Grant",1830,21,2.8,2.85,0.69,0.83,0.63,7.59,5.11,2.06,1.31,"F",85,88,40,64,40
"POR","Anfernee Simons",1582,22.6,5.5,3.15,0.48,0.5,0.11,7,8.8,3.39,2.02,"G",85,97,83,12,36
"POR","Dalano Banton",876,16.7,3.6,3.8,0.97,0.93,0.57,8,6.1,1.9,1.61,"G",79,78,57,70,65
"POR","Deandre Ayton",1784,16.7,1.6,7.87,3.2,1.02,0.76,11.49,0.18,0.02,0.91,"C",87,44,11,82,98
"POR","Matisse Thybulle",1487,5.4,1.4,1.63,0.46,1.74,0.75,1.35,3.55,1.23,2.25,"G-F",10,30,41,98,13
"POR","Scoot Henderson",1765,14,5.4,2.27,0.85,0.77,0.21,5.45,4.32,1.4,1.58,"G",64,63,75,37,34
"POR","Kris Murray",1348,6.1,1.3,2.24,1.37,0.85,0.34,3.1,2.95,0.79,1.45,"F",24,22,19,50,55
"POR","Duop Reath",1214,9.1,1,2.31,1.37,0.49,0.56,4.06,3.6,1.29,1.29,"C",43,46,10,28,56
"POR","Shaedon Sharpe",1059,15.9,2.9,3.69,1.31,0.88,0.38,5.69,5.63,1.88,1.31,"G",73,74,43,56,72
"POR","Malcolm Brogdon",1121,15.7,5.5,3.08,0.72,0.69,0.21,5.23,5.1,2.1,3.57,"G",70,79,93,30,43
"POR","Jabari Walker",1700,8.9,1,4.96,2.1,0.58,0.31,5.14,1.93,0.57,1.08,"F",47,26,7,26,89
"GSW","Dario Saric",1098,8,2.3,3.28,1.14,0.48,0.16,3.06,3.08,1.16,1.85,"F-C",33,40,45,13,62
"GSW","Brandin Podziemski",1968,9.2,3.7,4.18,1.59,0.82,0.19,4.62,3.16,1.22,3.1,"G",46,45,81,42,81
"GSW","Klay Thompson",2284,17.9,2.3,2.84,0.45,0.65,0.45,3.09,8.99,3.48,1.5,"G",65,94,37,38,29
"GSW","Draymond Green",1490,8.6,6,5.85,1.38,1,0.85,4.69,2.35,0.93,2.46,"F",45,36,90,83,87
"GSW","Andrew Wiggins",1920,13.2,1.7,3,1.52,0.59,0.58,6.11,3.58,1.28,1.37,"F",66,59,25,40,70
"GSW","Trayce Jackson-Davis",1130,7.9,1.2,3.03,1.99,0.43,1.12,6.79,0.01,0,1.67,"F",51,9,23,50,78
"GSW","Stephen Curry",2421,26.4,5.1,3.96,0.5,0.73,0.38,5.86,11.84,4.82,1.8,"G",87,100,76,43,52
"GSW","Chris Paul",1531,9.2,6.8,3.57,0.31,1.21,0.1,1.97,3.62,1.34,5.17,"G",31,48,99,74,37
"GSW","Gary Payton II",680,5.5,1.1,1.52,1.05,0.89,0.41,3.77,1.25,0.45,1.78,"G",28,12,26,58,28
"GSW","Moses Moody",1156,8.1,0.9,1.98,0.98,0.64,0.36,3.33,3.03,1.09,1.3,"G",36,39,9,33,33
"GSW","Jonathan Kuminga",1949,16.1,2.2,3.55,1.24,0.74,0.49,10,2.23,0.72,1.34,"F",83,57,34,48,69
"GSW","Kevon Looney",1195,4.5,1.8,3.73,1.93,0.38,0.39,3.59,0.01,0,2.66,"C-F",19,2,54,15,83
